telemetry_id,run_id,timestamp,simulation_timestamp,timestep_key,environment,outdoor_temperature_c,facility_demand_kw,timestep_electricity_kwh,cumulative_electricity_kwh,hvac_electricity_kwh,heating_setpoint_c,cooling_setpoint_c
1611,agent-20260726T130255Z-65de6a32,2026-07-26T13:03:00.759393Z,1986-07-15T00:15:00.000000Z,agent-20260726T130255Z-65de6a32|env=3|1986-07-15|h=00|m=15|step=01,3,24.200000000000003,0.475,0.11875,0.11875,0.0,18.0,28.0
1612,agent-20260726T130255Z-65de6a32,2026-07-26T13:03:15.350773Z,1986-07-15T00:30:00.000000Z,agent-20260726T130255Z-65de6a32|env=3|1986-07-15|h=00|m=30|step=02,3,22.8,0.475,0.11875,0.2375,0.0,17.0,29.0
1613,agent-20260726T130255Z-65de6a32,2026-07-26T13:03:15.448762Z,1986-07-15T00:45:00.000000Z,agent-20260726T130255Z-65de6a32|env=3|1986-07-15|h=00|m=45|step=03,3,21.4,0.475,0.11875,0.35624999999999996,0.0,17.0,29.0
1614,agent-20260726T130255Z-65de6a32,2026-07-26T13:03:15.596850Z,1986-07-15T01:00:00.000000Z,agent-20260726T130255Z-65de6a32|env=3|1986-07-15|h=00|m=60|step=04,3,20.0,0.475,0.11875,0.475,0.0,17.0,29.0
1615,agent-20260726T130255Z-65de6a32,2026-07-26T13:03:15.672982Z,1986-07-15T01:15:00.000000Z,agent-20260726T130255Z-65de6a32|env=3|1986-07-15|h=01|m=15|step=01,3,20.0,0.475,0.11875,0.59375,0.0,17.0,29.0
1616,agent-20260726T130255Z-65de6a32,2026-07-26T13:03:30.390553Z,1986-07-15T01:30:00.000000Z,agent-20260726T130255Z-65de6a32|env=3|1986-07-15|h=01|m=30|step=02,3,20.0,0.475,0.11875,0.7125,0.0,17.0,29.0
1617,agent-20260726T130255Z-65de6a32,2026-07-26T13:03:30.479434Z,1986-07-15T01:45:00.000000Z,agent-20260726T130255Z-65de6a32|env=3|1986-07-15|h=01|m=45|step=03,3,20.0,0.475,0.11875,0.83125,0.0,17.0,29.0
1618,agent-20260726T130255Z-65de6a32,2026-07-26T13:03:30.621265Z,1986-07-15T02:00:00.000000Z,agent-20260726T130255Z-65de6a32|env=3|1986-07-15|h=01|m=60|step=04,3,20.0,0.475,0.11875,0.9500000000000001,0.0,17.0,29.0
1619,agent-20260726T130255Z-65de6a32,2026-07-26T13:03:30.692238Z,1986-07-15T02:15:00.000000Z,agent-20260726T130255Z-65de6a32|env=3|1986-07-15|h=02|m=15|step=01,3,19.85,0.475,0.11875,1.06875,0.0,17.0,29.0
1620,agent-20260726T130255Z-65de6a32,2026-07-26T13:03:45.642485Z,1986-07-15T02:30:00.000000Z,agent-20260726T130255Z-65de6a32|env=3|1986-07-15|h=02|m=30|step=02,3,19.7,0.475,0.11875,1.1875,0.0,17.0,29.0
1621,agent-20260726T130255Z-65de6a32,2026-07-26T13:03:45.740082Z,1986-07-15T02:45:00.000000Z,agent-20260726T130255Z-65de6a32|env=3|1986-07-15|h=02|m=45|step=03,3,19.549999999999997,0.475,0.11875,1.30625,0.0,17.0,29.0
1622,agent-20260726T130255Z-65de6a32,2026-07-26T13:03:45.908650Z,1986-07-15T03:00:00.000000Z,agent-20260726T130255Z-65de6a32|env=3|1986-07-15|h=02|m=60|step=04,3,19.4,0.475,0.11875,1.4249999999999998,0.0,17.0,29.0
1623,agent-20260726T130255Z-65de6a32,2026-07-26T13:03:46.016539Z,1986-07-15T03:15:00.000000Z,agent-20260726T130255Z-65de6a32|env=3|1986-07-15|h=03|m=15|step=01,3,19.275,0.475,0.11875,1.5437499999999997,0.0,17.0,29.0
1624,agent-20260726T130255Z-65de6a32,2026-07-26T13:04:00.802531Z,1986-07-15T03:30:00.000000Z,agent-20260726T130255Z-65de6a32|env=3|1986-07-15|h=03|m=30|step=02,3,19.15,0.475,0.11875,1.6624999999999996,0.0,17.0,29.0
1625,agent-20260726T130255Z-65de6a32,2026-07-26T13:04:00.883810Z,1986-07-15T03:45:00.000000Z,agent-20260726T130255Z-65de6a32|env=3|1986-07-15|h=03|m=45|step=03,3,19.025,0.475,0.11875,1.7812499999999996,0.0,17.0,29.0
1626,agent-20260726T130255Z-65de6a32,2026-07-26T13:04:01.046597Z,1986-07-15T04:00:00.000000Z,agent-20260726T130255Z-65de6a32|env=3|1986-07-15|h=03|m=60|step=04,3,18.9,0.475,0.11875,1.8999999999999995,0.0,17.0,29.0
1627,agent-20260726T130255Z-65de6a32,2026-07-26T13:04:01.117865Z,1986-07-15T04:15:00.000000Z,agent-20260726T130255Z-65de6a32|env=3|1986-07-15|h=04|m=15|step=01,3,18.9,0.475,0.11875,2.0187499999999994,0.0,17.0,29.0
1628,agent-20260726T130255Z-65de6a32,2026-07-26T13:04:16.027681Z,1986-07-15T04:30:00.000000Z,agent-20260726T130255Z-65de6a32|env=3|1986-07-15|h=04|m=30|step=02,3,18.9,0.475,0.11875,2.1374999999999993,0.0,17.0,29.0
1629,agent-20260726T130255Z-65de6a32,2026-07-26T13:04:16.116428Z,1986-07-15T04:45:00.000000Z,agent-20260726T130255Z-65de6a32|env=3|1986-07-15|h=04|m=45|step=03,3,18.9,0.475,0.11875,2.256249999999999,0.0,17.0,29.0
1630,agent-20260726T130255Z-65de6a32,2026-07-26T13:04:16.254565Z,1986-07-15T05:00:00.000000Z,agent-20260726T130255Z-65de6a32|env=3|1986-07-15|h=04|m=60|step=04,3,18.9,0.475,0.11875,2.374999999999999,0.0,17.0,29.0
1631,agent-20260726T130255Z-65de6a32,2026-07-26T13:04:16.321635Z,1986-07-15T05:15:00.000000Z,agent-20260726T130255Z-65de6a32|env=3|1986-07-15|h=05|m=15|step=01,3,19.325,0.475,0.11875,2.493749999999999,0.0,17.0,29.0
1632,agent-20260726T130255Z-65de6a32,2026-07-26T13:04:17.559288Z,1986-07-15T05:30:00.000000Z,agent-20260726T130255Z-65de6a32|env=3|1986-07-15|h=05|m=30|step=02,3,19.75,0.475,0.11875,2.612499999999999,0.0,17.0,29.0
1633,agent-20260726T130255Z-65de6a32,2026-07-26T13:04:17.733817Z,1986-07-15T05:45:00.000000Z,agent-20260726T130255Z-65de6a32|env=3|1986-07-15|h=05|m=45|step=03,3,20.175,0.475,0.11875,2.731249999999999,0.0,17.0,29.0
1634,agent-20260726T130255Z-65de6a32,2026-07-26T13:04:17.884563Z,1986-07-15T06:00:00.000000Z,agent-20260726T130255Z-65de6a32|env=3|1986-07-15|h=05|m=60|step=04,3,20.6,0.475,0.11875,2.8499999999999988,0.0,17.0,29.0
1635,agent-20260726T130255Z-65de6a32,2026-07-26T13:04:17.954165Z,1986-07-15T06:15:00.000000Z,agent-20260726T130255Z-65de6a32|env=3|1986-07-15|h=06|m=15|step=01,3,21.0,0.475,0.11875,2.9687499999999987,0.0,17.0,29.0
1636,agent-20260726T130255Z-65de6a32,2026-07-26T13:04:33.077198Z,1986-07-15T06:30:00.000000Z,agent-20260726T130255Z-65de6a32|env=3|1986-07-15|h=06|m=30|step=02,3,21.4,0.475,0.11875,3.0874999999999986,0.0,17.0,29.0
1637,agent-20260726T130255Z-65de6a32,2026-07-26T13:04:33.198733Z,1986-07-15T06:45:00.000000Z,agent-20260726T130255Z-65de6a32|env=3|1986-07-15|h=06|m=45|step=03,3,21.799999999999997,0.475,0.11875,3.2062499999999985,0.0,17.0,29.0
1638,agent-20260726T130255Z-65de6a32,2026-07-26T13:04:33.329991Z,1986-07-15T07:00:00.000000Z,agent-20260726T130255Z-65de6a32|env=3|1986-07-15|h=06|m=60|step=04,3,22.2,0.475,0.11875,3.3249999999999984,0.0,17.0,29.0
1639,agent-20260726T130255Z-65de6a32,2026-07-26T13:04:33.388097Z,1986-07-15T07:15:00.000000Z,agent-20260726T130255Z-65de6a32|env=3|1986-07-15|h=07|m=15|step=01,3,22.75,0.475,0.11875,3.4437499999999983,0.0,17.0,29.0
1640,agent-20260726T130255Z-65de6a32,2026-07-26T13:04:48.227698Z,1986-07-15T07:30:00.000000Z,agent-20260726T130255Z-65de6a32|env=3|1986-07-15|h=07|m=30|step=02,3,23.299999999999997,0.475,0.11875,3.5624999999999982,0.0,17.0,29.0
1641,agent-20260726T130255Z-65de6a32,2026-07-26T13:04:48.377379Z,1986-07-15T07:45:00.000000Z,agent-20260726T130255Z-65de6a32|env=3|1986-07-15|h=07|m=45|step=03,3,23.849999999999998,0.475,0.11875,3.681249999999998,0.0,17.0,29.0
1642,agent-20260726T130255Z-65de6a32,2026-07-26T13:04:48.543506Z,1986-07-15T08:00:00.000000Z,agent-20260726T130255Z-65de6a32|env=3|1986-07-15|h=07|m=60|step=04,3,24.4,0.475,0.11875,3.799999999999998,0.0,17.0,29.0
1643,agent-20260726T130255Z-65de6a32,2026-07-26T13:04:48.644393Z,1986-07-15T08:15:00.000000Z,agent-20260726T130255Z-65de6a32|env=3|1986-07-15|h=08|m=15|step=01,3,24.699999999999996,8.852178800619875,2.202446366931458,6.002446366931456,0.014946366931457568,17.0,29.0
1644,agent-20260726T130255Z-65de6a32,2026-07-26T13:05:05.017234Z,1986-07-15T08:30:00.000000Z,agent-20260726T130255Z-65de6a32|env=3|1986-07-15|h=08|m=30|step=02,3,25.0,11.536600476510593,3.1723428417556887,9.174789208687145,0.984842841755689,19.0,26.0
1645,agent-20260726T130255Z-65de6a32,2026-07-26T13:05:05.137590Z,1986-07-15T08:45:00.000000Z,agent-20260726T130255Z-65de6a32|env=3|1986-07-15|h=08|m=45|step=03,3,25.300000000000004,12.313967198651735,3.0682985118267525,12.243087720513897,0.8807985118267524,19.0,26.0
1646,agent-20260726T130255Z-65de6a32,2026-07-26T13:05:05.263355Z,1986-07-15T09:00:00.000000Z,agent-20260726T130255Z-65de6a32|env=3|1986-07-15|h=08|m=60|step=04,3,25.6,12.57515485689969,3.143788714224922,15.386876434738818,0.9562887142249223,19.0,26.0
1647,agent-20260726T130255Z-65de6a32,2026-07-26T13:05:05.380815Z,1986-07-15T09:15:00.000000Z,agent-20260726T130255Z-65de6a32|env=3|1986-07-15|h=09|m=15|step=01,3,26.150000000000002,16.848746973203802,4.2174221353144485,19.604298570053267,1.3111721353144488,19.0,26.0
1648,agent-20260726T130255Z-65de6a32,2026-07-26T13:05:20.182181Z,1986-07-15T09:30:00.000000Z,agent-20260726T130255Z-65de6a32|env=3|1986-07-15|h=09|m=30|step=02,3,26.700000000000003,18.68871612654959,4.8183047909216485,24.422603360974914,1.912054790921649,19.0,25.0
1649,agent-20260726T130255Z-65de6a32,2026-07-26T13:05:20.330110Z,1986-07-15T09:45:00.000000Z,agent-20260726T130255Z-65de6a32|env=3|1986-07-15|h=09|m=45|step=03,3,27.25,19.227766310908468,4.730554298317157,29.15315765929207,1.8243042983171576,19.0,25.0
1650,agent-20260726T130255Z-65de6a32,2026-07-26T13:05:20.480169Z,1986-07-15T10:00:00.000000Z,agent-20260726T130255Z-65de6a32|env=3|1986-07-15|h=09|m=60|step=04,3,27.8,19.093035137418052,4.790425423941712,33.94358308323378,1.8841754239417121,19.0,25.0
1651,agent-20260726T130255Z-65de6a32,2026-07-26T13:05:20.625733Z,1986-07-15T10:15:00.000000Z,agent-20260726T130255Z-65de6a32|env=3|1986-07-15|h=10|m=15|step=01,3,28.075000000000003,19.521878600394828,4.888909214479224,38.832492297713,1.8889092144792237,19.0,25.0
1652,agent-20260726T130255Z-65de6a32,2026-07-26T13:05:35.400094Z,1986-07-15T10:30:00.000000Z,agent-20260726T130255Z-65de6a32|env=3|1986-07-15|h=10|m=30|step=02,3,28.35,20.84439089583859,5.457519882086615,44.29001217979962,2.4575198820866158,19.0,24.0
1653,agent-20260726T130255Z-65de6a32,2026-07-26T13:05:35.515145Z,1986-07-15T10:45:00.000000Z,agent-20260726T130255Z-65de6a32|env=3|1986-07-15|h=10|m=45|step=03,3,28.624999999999996,21.565334284067188,5.363930364931948,49.653942544731564,2.3639303649319485,19.0,24.0
1654,agent-20260726T130255Z-65de6a32,2026-07-26T13:05:35.627944Z,1986-07-15T11:00:00.000000Z,agent-20260726T130255Z-65de6a32|env=3|1986-07-15|h=10|m=60|step=04,3,28.9,21.296969684051213,5.340673786372481,54.99461633110404,2.3406737863724802,19.0,24.0
1655,agent-20260726T130255Z-65de6a32,2026-07-26T13:05:35.730941Z,1986-07-15T11:15:00.000000Z,agent-20260726T130255Z-65de6a32|env=3|1986-07-15|h=11|m=15|step=01,3,29.324999999999996,20.565808820636924,5.148626213149638,60.14324254425368,2.2423762131496363,19.0,24.0
1656,agent-20260726T130255Z-65de6a32,2026-07-26T13:05:50.270672Z,1986-07-15T11:30:00.000000Z,agent-20260726T130255Z-65de6a32|env=3|1986-07-15|h=11|m=30|step=02,3,29.75,22.223628735479185,5.697489028941881,65.84073157319557,2.7912390289418814,19.0,23.0
1657,agent-20260726T130255Z-65de6a32,2026-07-26T13:05:50.403530Z,1986-07-15T11:45:00.000000Z,agent-20260726T130255Z-65de6a32|env=3|1986-07-15|h=11|m=45|step=03,3,30.175000000000004,22.692628311237115,5.685124153504789,71.52585572670036,2.7788741535047894,19.0,23.0
1658,agent-20260726T130255Z-65de6a32,2026-07-26T13:05:50.513552Z,1986-07-15T12:00:00.000000Z,agent-20260726T130255Z-65de6a32|env=3|1986-07-15|h=11|m=60|step=04,3,30.6,22.68534062683914,5.679922168218029,77.20577789491838,2.7736721682180288,19.0,23.0
1659,agent-20260726T130255Z-65de6a32,2026-07-26T13:05:50.641814Z,1986-07-15T12:15:00.000000Z,agent-20260726T130255Z-65de6a32|env=3|1986-07-15|h=12|m=15|step=01,3,30.875000000000004,20.773420201791122,5.196102855935995,82.40188075085437,2.5711028559359943,19.0,23.0
1660,agent-20260726T130255Z-65de6a32,2026-07-26T13:06:05.275821Z,1986-07-15T12:30:00.000000Z,agent-20260726T130255Z-65de6a32|env=3|1986-07-15|h=12|m=30|step=02,3,31.15,20.70582648884808,5.179746406662203,87.58162715751658,2.5547464066622045,19.0,23.0
1661,agent-20260726T130255Z-65de6a32,2026-07-26T13:06:05.415453Z,1986-07-15T12:45:00.000000Z,agent-20260726T130255Z-65de6a32|env=3|1986-07-15|h=12|m=45|step=03,3,31.424999999999997,20.72367896380205,5.181458004148686,92.76308516166526,2.5564580041486864,19.0,23.0
1662,agent-20260726T130255Z-65de6a32,2026-07-26T13:06:05.540123Z,1986-07-15T13:00:00.000000Z,agent-20260726T130255Z-65de6a32|env=3|1986-07-15|h=12|m=60|step=04,3,31.7,20.80569883237515,5.200392142252988,97.96347730391825,2.575392142252988,19.0,23.0
1663,agent-20260726T130255Z-65de6a32,2026-07-26T13:06:05.675982Z,1986-07-15T13:15:00.000000Z,agent-20260726T130255Z-65de6a32|env=3|1986-07-15|h=13|m=15|step=01,3,31.7,22.35280026136245,5.583805066225946,103.5472823701442,2.7713050662259464,19.0,23.0
1664,agent-20260726T130255Z-65de6a32,2026-07-26T13:06:20.344339Z,1986-07-15T13:30:00.000000Z,agent-20260726T130255Z-65de6a32|env=3|1986-07-15|h=13|m=30|step=02,3,31.7,22.50917281921491,5.627293204803728,109.17457557494794,2.8147932048037276,19.0,23.0
1665,agent-20260726T130255Z-65de6a32,2026-07-26T13:06:20.473153Z,1986-07-15T13:45:00.000000Z,agent-20260726T130255Z-65de6a32|env=3|1986-07-15|h=13|m=45|step=03,3,31.7,22.62219480725721,5.655548701814302,114.83012427676223,2.8430487018143022,19.0,23.0
1666,agent-20260726T130255Z-65de6a32,2026-07-26T13:06:20.576061Z,1986-07-15T14:00:00.000000Z,agent-20260726T130255Z-65de6a32|env=3|1986-07-15|h=13|m=60|step=04,3,31.7,22.726533104037127,5.681633276009283,120.51175755277151,2.869133276009282,19.0,23.0
1667,agent-20260726T130255Z-65de6a32,2026-07-26T13:06:21.575255Z,1986-07-15T14:15:00.000000Z,agent-20260726T130255Z-65de6a32|env=3|1986-07-15|h=14|m=15|step=01,3,31.7,23.157975642614446,5.7894939106536105,126.30125146342512,2.9144939106536114,19.0,23.0
1668,agent-20260726T130255Z-65de6a32,2026-07-26T13:06:21.698128Z,1986-07-15T14:30:00.000000Z,agent-20260726T130255Z-65de6a32|env=3|1986-07-15|h=14|m=30|step=02,3,31.7,23.245907739753296,5.811476934938324,132.11272839836343,2.9364769349383244,19.0,23.0
1669,agent-20260726T130255Z-65de6a32,2026-07-26T13:06:21.801819Z,1986-07-15T14:45:00.000000Z,agent-20260726T130255Z-65de6a32|env=3|1986-07-15|h=14|m=45|step=03,3,31.7,23.30443296114287,5.826108240285717,137.93883663864915,2.951108240285717,19.0,23.0
1670,agent-20260726T130255Z-65de6a32,2026-07-26T13:06:21.904406Z,1986-07-15T15:00:00.000000Z,agent-20260726T130255Z-65de6a32|env=3|1986-07-15|h=14|m=60|step=04,3,31.7,23.352229318583696,5.838057329645925,143.77689396829507,2.963057329645925,19.0,23.0
1671,agent-20260726T130255Z-65de6a32,2026-07-26T13:06:36.666812Z,1986-07-15T15:15:00.000000Z,agent-20260726T130255Z-65de6a32|env=3|1986-07-15|h=15|m=15|step=01,3,31.825,22.887810602178824,5.721952650544705,149.49884661883976,2.9719526505447056,19.0,23.0
1672,agent-20260726T130255Z-65de6a32,2026-07-26T13:06:36.809175Z,1986-07-15T15:30:00.000000Z,agent-20260726T130255Z-65de6a32|env=3|1986-07-15|h=15|m=30|step=02,3,31.950000000000003,22.95730283201395,5.739325708003488,155.23817232684326,2.989325708003488,19.0,23.0
1673,agent-20260726T130255Z-65de6a32,2026-07-26T13:06:36.933554Z,1986-07-15T15:45:00.000000Z,agent-20260726T130255Z-65de6a32|env=3|1986-07-15|h=15|m=45|step=03,3,32.075,22.990584763613654,5.7476461909034136,160.98581851774668,2.9976461909034136,19.0,23.0
1674,agent-20260726T130255Z-65de6a32,2026-07-26T13:06:37.048797Z,1986-07-15T16:00:00.000000Z,agent-20260726T130255Z-65de6a32|env=3|1986-07-15|h=15|m=60|step=04,3,32.2,22.98191207473295,5.7454780186832375,166.7312965364299,2.995478018683237,19.0,23.0
1675,agent-20260726T130255Z-65de6a32,2026-07-26T13:06:51.485220Z,1986-07-15T16:15:00.000000Z,agent-20260726T130255Z-65de6a32|env=3|1986-07-15|h=16|m=15|step=01,3,32.2,21.731547155603774,5.432886788900944,172.16418332533084,2.932886788900943,19.0,23.0
1676,agent-20260726T130255Z-65de6a32,2026-07-26T13:06:51.611122Z,1986-07-15T16:30:00.000000Z,agent-20260726T130255Z-65de6a32|env=3|1986-07-15|h=16|m=30|step=02,3,32.2,21.553781264504863,5.388445316126215,177.55262864145706,2.888445316126216,19.0,23.0
1677,agent-20260726T130255Z-65de6a32,2026-07-26T13:06:51.706884Z,1986-07-15T16:45:00.000000Z,agent-20260726T130255Z-65de6a32|env=3|1986-07-15|h=16|m=45|step=03,3,32.2,21.38112622334745,5.345281555836863,182.89791019729392,2.845281555836863,19.0,23.0
1678,agent-20260726T130255Z-65de6a32,2026-07-26T13:06:51.816264Z,1986-07-15T17:00:00.000000Z,agent-20260726T130255Z-65de6a32|env=3|1986-07-15|h=16|m=60|step=04,3,32.2,21.211496658597824,5.302874164649456,188.2007843619434,2.802874164649456,19.0,23.0
1679,agent-20260726T130255Z-65de6a32,2026-07-26T13:07:06.287066Z,1986-07-15T17:15:00.000000Z,agent-20260726T130255Z-65de6a32|env=3|1986-07-15|h=17|m=15|step=01,3,31.5,20.90345619056541,5.225864047641353,193.42664840958474,2.7258640476413527,19.0,23.0
1680,agent-20260726T130255Z-65de6a32,2026-07-26T13:07:06.461442Z,1986-07-15T17:30:00.000000Z,agent-20260726T130255Z-65de6a32|env=3|1986-07-15|h=17|m=30|step=02,3,30.8,20.53385520044964,5.133463800112411,198.56011220969717,2.6334638001124104,19.0,23.0
1681,agent-20260726T130255Z-65de6a32,2026-07-26T13:07:06.609304Z,1986-07-15T17:45:00.000000Z,agent-20260726T130255Z-65de6a32|env=3|1986-07-15|h=17|m=45|step=03,3,30.099999999999998,20.07874633765271,5.019686584413177,203.57979879411033,2.5196865844131766,19.0,23.0
1682,agent-20260726T130255Z-65de6a32,2026-07-26T13:07:06.756844Z,1986-07-15T18:00:00.000000Z,agent-20260726T130255Z-65de6a32|env=3|1986-07-15|h=17|m=60|step=04,3,29.4,19.59517515624922,4.898793789062306,208.47859258317263,2.398793789062305,19.0,23.0
1683,agent-20260726T130255Z-65de6a32,2026-07-26T13:07:21.396621Z,1986-07-15T18:15:00.000000Z,agent-20260726T130255Z-65de6a32|env=3|1986-07-15|h=18|m=15|step=01,3,29.275,13.326287088655588,3.3315717721638975,211.81016435533652,1.831571772163897,19.0,23.0
1684,agent-20260726T130255Z-65de6a32,2026-07-26T13:07:21.528778Z,1986-07-15T18:30:00.000000Z,agent-20260726T130255Z-65de6a32|env=3|1986-07-15|h=18|m=30|step=02,3,29.15,12.914893720786925,3.2287234301967307,215.03888778553326,1.7287234301967311,19.0,23.0
1685,agent-20260726T130255Z-65de6a32,2026-07-26T13:07:21.641986Z,1986-07-15T18:45:00.000000Z,agent-20260726T130255Z-65de6a32|env=3|1986-07-15|h=18|m=45|step=03,3,29.025,12.627300454160537,3.156825113540134,218.19571289907338,1.656825113540134,19.0,23.0
1686,agent-20260726T130255Z-65de6a32,2026-07-26T13:07:21.766691Z,1986-07-15T19:00:00.000000Z,agent-20260726T130255Z-65de6a32|env=3|1986-07-15|h=18|m=60|step=04,3,28.9,12.39646895892837,3.0991172397320925,221.29483013880548,1.5991172397320927,19.0,23.0
1687,agent-20260726T130255Z-65de6a32,2026-07-26T13:07:36.344274Z,1986-07-15T19:15:00.000000Z,agent-20260726T130255Z-65de6a32|env=3|1986-07-15|h=19|m=15|step=01,3,27.224999999999998,9.147646193489022,2.2869115483722555,223.58174168717773,1.161911548372255,19.0,23.0
1688,agent-20260726T130255Z-65de6a32,2026-07-26T13:07:36.464106Z,1986-07-15T19:30:00.000000Z,agent-20260726T130255Z-65de6a32|env=3|1986-07-15|h=19|m=30|step=02,3,25.549999999999997,8.498907468930527,2.124726867232632,225.70646855441035,0.9997268672326318,19.0,23.0
1689,agent-20260726T130255Z-65de6a32,2026-07-26T13:07:36.566206Z,1986-07-15T19:45:00.000000Z,agent-20260726T130255Z-65de6a32|env=3|1986-07-15|h=19|m=45|step=03,3,23.875,7.971132768455731,1.9927831921139327,227.69925174652428,0.8677831921139328,19.0,23.0
1690,agent-20260726T130255Z-65de6a32,2026-07-26T13:07:36.694040Z,1986-07-15T20:00:00.000000Z,agent-20260726T130255Z-65de6a32|env=3|1986-07-15|h=19|m=60|step=04,3,22.2,7.526304474828092,1.881576118707023,229.5808278652313,0.756576118707023,19.0,23.0
1691,agent-20260726T130255Z-65de6a32,2026-07-26T13:07:51.215319Z,1986-07-15T20:15:00.000000Z,agent-20260726T130255Z-65de6a32|env=3|1986-07-15|h=20|m=15|step=01,3,22.349999999999998,7.405571680904912,1.8513929202262278,231.43222078545753,0.7263929202262278,19.0,23.0
1692,agent-20260726T130255Z-65de6a32,2026-07-26T13:07:51.355444Z,1986-07-15T20:30:00.000000Z,agent-20260726T130255Z-65de6a32|env=3|1986-07-15|h=20|m=30|step=02,3,22.5,7.3107616969798235,1.8276904242449559,233.2599112097025,0.7026904242449559,19.0,23.0
1693,agent-20260726T130255Z-65de6a32,2026-07-26T13:07:51.485221Z,1986-07-15T20:45:00.000000Z,agent-20260726T130255Z-65de6a32|env=3|1986-07-15|h=20|m=45|step=03,3,22.650000000000002,7.23821312960033,1.8095532824000824,235.06946449210258,0.6845532824000826,19.0,23.0
1694,agent-20260726T130255Z-65de6a32,2026-07-26T13:07:51.604165Z,1986-07-15T21:00:00.000000Z,agent-20260726T130255Z-65de6a32|env=3|1986-07-15|h=20|m=60|step=04,3,22.8,7.184463040243579,1.796115760060895,236.86558025216348,0.6711157600608948,19.0,23.0
1695,agent-20260726T130255Z-65de6a32,2026-07-26T13:08:05.936827Z,1986-07-15T21:15:00.000000Z,agent-20260726T130255Z-65de6a32|env=3|1986-07-15|h=21|m=15|step=01,3,23.075000000000003,2.8243851149294317,0.41242313936617897,237.27800339152967,0.293673139366179,19.0,23.0
1696,agent-20260726T130255Z-65de6a32,2026-07-26T13:08:20.604344Z,1986-07-15T21:30:00.000000Z,agent-20260726T130255Z-65de6a32|env=3|1986-07-15|h=21|m=30|step=02,3,23.35,0.475,0.11875,237.39675339152967,0.0,19.0,24.0
1697,agent-20260726T130255Z-65de6a32,2026-07-26T13:08:20.746201Z,1986-07-15T21:45:00.000000Z,agent-20260726T130255Z-65de6a32|env=3|1986-07-15|h=21|m=45|step=03,3,23.624999999999996,0.475,0.11875,237.51550339152968,0.0,19.0,24.0
1698,agent-20260726T130255Z-65de6a32,2026-07-26T13:08:20.848362Z,1986-07-15T22:00:00.000000Z,agent-20260726T130255Z-65de6a32|env=3|1986-07-15|h=21|m=60|step=04,3,23.9,0.7440780832325709,0.1860195208081427,237.70152291233782,0.06726952080814273,19.0,24.0
1699,agent-20260726T130255Z-65de6a32,2026-07-26T13:08:20.994365Z,1986-07-15T22:15:00.000000Z,agent-20260726T130255Z-65de6a32|env=3|1986-07-15|h=22|m=15|step=01,3,24.324999999999996,0.475,0.11875,237.82027291233783,0.0,19.0,24.0
1700,agent-20260726T130255Z-65de6a32,2026-07-26T13:08:35.784269Z,1986-07-15T22:30:00.000000Z,agent-20260726T130255Z-65de6a32|env=3|1986-07-15|h=22|m=30|step=02,3,24.75,0.475,0.11875,237.93902291233783,0.0,19.0,24.0
1701,agent-20260726T130255Z-65de6a32,2026-07-26T13:08:35.902439Z,1986-07-15T22:45:00.000000Z,agent-20260726T130255Z-65de6a32|env=3|1986-07-15|h=22|m=45|step=03,3,25.175000000000004,0.5650517174557097,0.14126292936392743,238.08028584170177,0.022512929363927417,19.0,24.0
1702,agent-20260726T130255Z-65de6a32,2026-07-26T13:08:36.024618Z,1986-07-15T23:00:00.000000Z,agent-20260726T130255Z-65de6a32|env=3|1986-07-15|h=22|m=60|step=04,3,25.6,0.475,0.11875,238.19903584170177,0.0,19.0,24.0
1703,agent-20260726T130255Z-65de6a32,2026-07-26T13:08:36.131986Z,1986-07-15T23:15:00.000000Z,agent-20260726T130255Z-65de6a32|env=3|1986-07-15|h=23|m=15|step=01,3,25.6,0.475,0.11875,238.31778584170178,0.0,19.0,24.0
1704,agent-20260726T130255Z-65de6a32,2026-07-26T13:08:50.797486Z,1986-07-15T23:30:00.000000Z,agent-20260726T130255Z-65de6a32|env=3|1986-07-15|h=23|m=30|step=02,3,25.6,0.4935521506327824,0.1233880376581956,238.44117387935998,0.004638037658195597,19.0,24.0
1705,agent-20260726T130255Z-65de6a32,2026-07-26T13:08:50.903702Z,1986-07-15T23:45:00.000000Z,agent-20260726T130255Z-65de6a32|env=3|1986-07-15|h=23|m=45|step=03,3,25.6,0.475,0.11875,238.55992387935999,0.0,19.0,24.0
1706,agent-20260726T130255Z-65de6a32,2026-07-26T13:08:51.026779Z,1986-07-16T00:00:00.000000Z,agent-20260726T130255Z-65de6a32|env=3|1986-07-15|h=23|m=60|step=04,3,25.6,0.475,0.11875,238.67867387936,0.0,19.0,24.0
1707,agent-20260726T130255Z-65de6a32,2026-07-26T13:08:51.165945Z,1986-07-16T00:15:00.000000Z,agent-20260726T130255Z-65de6a32|env=3|1986-07-16|h=00|m=15|step=01,3,24.900000000000002,0.475,0.11875,238.79742387936,0.0,19.0,24.0
1708,agent-20260726T130255Z-65de6a32,2026-07-26T13:09:06.100495Z,1986-07-16T00:30:00.000000Z,agent-20260726T130255Z-65de6a32|env=3|1986-07-16|h=00|m=30|step=02,3,24.200000000000003,0.475,0.11875,238.91617387936,0.0,19.0,24.0
1709,agent-20260726T130255Z-65de6a32,2026-07-26T13:09:06.214896Z,1986-07-16T00:45:00.000000Z,agent-20260726T130255Z-65de6a32|env=3|1986-07-16|h=00|m=45|step=03,3,23.5,0.475,0.11875,239.03492387936,0.0,19.0,24.0
1710,agent-20260726T130255Z-65de6a32,2026-07-26T13:09:06.328716Z,1986-07-16T01:00:00.000000Z,agent-20260726T130255Z-65de6a32|env=3|1986-07-16|h=00|m=60|step=04,3,22.8,0.475,0.11875,239.15367387936,0.0,19.0,24.0
1711,agent-20260726T130255Z-65de6a32,2026-07-26T13:09:06.437822Z,1986-07-16T01:15:00.000000Z,agent-20260726T130255Z-65de6a32|env=3|1986-07-16|h=01|m=15|step=01,3,22.650000000000002,0.475,0.11875,239.27242387936002,0.0,19.0,24.0
1712,agent-20260726T130255Z-65de6a32,2026-07-26T13:09:21.593305Z,1986-07-16T01:30:00.000000Z,agent-20260726T130255Z-65de6a32|env=3|1986-07-16|h=01|m=30|step=02,3,22.5,0.475,0.11875,239.39117387936003,0.0,17.0,26.0
1713,agent-20260726T130255Z-65de6a32,2026-07-26T13:09:21.706030Z,1986-07-16T01:45:00.000000Z,agent-20260726T130255Z-65de6a32|env=3|1986-07-16|h=01|m=45|step=03,3,22.349999999999998,0.475,0.11875,239.50992387936003,0.0,17.0,26.0
1714,agent-20260726T130255Z-65de6a32,2026-07-26T13:09:21.826586Z,1986-07-16T02:00:00.000000Z,agent-20260726T130255Z-65de6a32|env=3|1986-07-16|h=01|m=60|step=04,3,22.2,0.475,0.11875,239.62867387936004,0.0,17.0,26.0
1715,agent-20260726T130255Z-65de6a32,2026-07-26T13:09:21.946279Z,1986-07-16T02:15:00.000000Z,agent-20260726T130255Z-65de6a32|env=3|1986-07-16|h=02|m=15|step=01,3,22.625,0.475,0.11875,239.74742387936004,0.0,17.0,26.0
1716,agent-20260726T130255Z-65de6a32,2026-07-26T13:09:36.572284Z,1986-07-16T02:30:00.000000Z,agent-20260726T130255Z-65de6a32|env=3|1986-07-16|h=02|m=30|step=02,3,23.049999999999997,0.475,0.11875,239.86617387936005,0.0,17.0,26.0
1717,agent-20260726T130255Z-65de6a32,2026-07-26T13:09:36.715097Z,1986-07-16T02:45:00.000000Z,agent-20260726T130255Z-65de6a32|env=3|1986-07-16|h=02|m=45|step=03,3,23.474999999999998,0.475,0.11875,239.98492387936005,0.0,17.0,26.0
1718,agent-20260726T130255Z-65de6a32,2026-07-26T13:09:36.817411Z,1986-07-16T03:00:00.000000Z,agent-20260726T130255Z-65de6a32|env=3|1986-07-16|h=02|m=60|step=04,3,23.9,0.475,0.11875,240.10367387936006,0.0,17.0,26.0
1719,agent-20260726T130255Z-65de6a32,2026-07-26T13:09:36.918406Z,1986-07-16T03:15:00.000000Z,agent-20260726T130255Z-65de6a32|env=3|1986-07-16|h=03|m=15|step=01,3,23.9,0.475,0.11875,240.22242387936006,0.0,17.0,26.0
1720,agent-20260726T130255Z-65de6a32,2026-07-26T13:09:51.167749Z,1986-07-16T03:30:00.000000Z,agent-20260726T130255Z-65de6a32|env=3|1986-07-16|h=03|m=30|step=02,3,23.9,0.475,0.11875,240.34117387936007,0.0,17.0,26.0
1721,agent-20260726T130255Z-65de6a32,2026-07-26T13:09:51.290335Z,1986-07-16T03:45:00.000000Z,agent-20260726T130255Z-65de6a32|env=3|1986-07-16|h=03|m=45|step=03,3,23.9,0.475,0.11875,240.45992387936008,0.0,17.0,26.0
1722,agent-20260726T130255Z-65de6a32,2026-07-26T13:09:51.413973Z,1986-07-16T04:00:00.000000Z,agent-20260726T130255Z-65de6a32|env=3|1986-07-16|h=03|m=60|step=04,3,23.9,0.475,0.11875,240.57867387936008,0.0,17.0,26.0
1723,agent-20260726T130255Z-65de6a32,2026-07-26T13:09:51.557035Z,1986-07-16T04:15:00.000000Z,agent-20260726T130255Z-65de6a32|env=3|1986-07-16|h=04|m=15|step=01,3,23.9,0.475,0.11875,240.6974238793601,0.0,17.0,26.0
1724,agent-20260726T130255Z-65de6a32,2026-07-26T13:09:52.648772Z,1986-07-16T04:30:00.000000Z,agent-20260726T130255Z-65de6a32|env=3|1986-07-16|h=04|m=30|step=02,3,23.9,0.475,0.11875,240.8161738793601,0.0,17.0,26.0
1725,agent-20260726T130255Z-65de6a32,2026-07-26T13:09:52.761589Z,1986-07-16T04:45:00.000000Z,agent-20260726T130255Z-65de6a32|env=3|1986-07-16|h=04|m=45|step=03,3,23.9,0.475,0.11875,240.9349238793601,0.0,17.0,26.0
1726,agent-20260726T130255Z-65de6a32,2026-07-26T13:09:52.876082Z,1986-07-16T05:00:00.000000Z,agent-20260726T130255Z-65de6a32|env=3|1986-07-16|h=04|m=60|step=04,3,23.9,0.475,0.11875,241.0536738793601,0.0,17.0,26.0
1727,agent-20260726T130255Z-65de6a32,2026-07-26T13:09:52.984852Z,1986-07-16T05:15:00.000000Z,agent-20260726T130255Z-65de6a32|env=3|1986-07-16|h=05|m=15|step=01,3,24.324999999999996,0.475,0.11875,241.1724238793601,0.0,17.0,26.0
1728,agent-20260726T130255Z-65de6a32,2026-07-26T13:10:07.793460Z,1986-07-16T05:30:00.000000Z,agent-20260726T130255Z-65de6a32|env=3|1986-07-16|h=05|m=30|step=02,3,24.75,0.475,0.11875,241.29117387936012,0.0,17.0,26.0
1729,agent-20260726T130255Z-65de6a32,2026-07-26T13:10:07.935709Z,1986-07-16T05:45:00.000000Z,agent-20260726T130255Z-65de6a32|env=3|1986-07-16|h=05|m=45|step=03,3,25.175000000000004,0.475,0.11875,241.40992387936012,0.0,17.0,26.0
1730,agent-20260726T130255Z-65de6a32,2026-07-26T13:10:08.072489Z,1986-07-16T06:00:00.000000Z,agent-20260726T130255Z-65de6a32|env=3|1986-07-16|h=05|m=60|step=04,3,25.6,0.475,0.11875,241.52867387936013,0.0,17.0,26.0
1731,agent-20260726T130255Z-65de6a32,2026-07-26T13:10:08.195106Z,1986-07-16T06:15:00.000000Z,agent-20260726T130255Z-65de6a32|env=3|1986-07-16|h=06|m=15|step=01,3,25.875000000000004,0.7780597183092541,0.15663246478865678,241.68530634414878,0.037882464788656756,17.0,26.0
1732,agent-20260726T130255Z-65de6a32,2026-07-26T13:10:23.058705Z,1986-07-16T06:30:00.000000Z,agent-20260726T130255Z-65de6a32|env=3|1986-07-16|h=06|m=30|step=02,3,26.15,0.7251788699611489,0.19653851454942975,241.8818448586982,0.07778851454942975,17.0,26.0
1733,agent-20260726T130255Z-65de6a32,2026-07-26T13:10:23.178015Z,1986-07-16T06:45:00.000000Z,agent-20260726T130255Z-65de6a32|env=3|1986-07-16|h=06|m=45|step=03,3,26.424999999999997,0.8904772026628175,0.22261930066570437,242.1044641593639,0.10386930066570438,17.0,26.0
1734,agent-20260726T130255Z-65de6a32,2026-07-26T13:10:23.287040Z,1986-07-16T07:00:00.000000Z,agent-20260726T130255Z-65de6a32|env=3|1986-07-16|h=06|m=60|step=04,3,26.7,1.0379401407079243,0.25948503517698107,242.3639491945409,0.14073503517698105,17.0,26.0
1735,agent-20260726T130255Z-65de6a32,2026-07-26T13:10:23.395719Z,1986-07-16T07:15:00.000000Z,agent-20260726T130255Z-65de6a32|env=3|1986-07-16|h=07|m=15|step=01,3,27.099999999999998,1.1416054389847927,0.2854013597461982,242.6493505542871,0.1666513597461982,17.0,26.0
1736,agent-20260726T130255Z-65de6a32,2026-07-26T13:10:38.447401Z,1986-07-16T07:30:00.000000Z,agent-20260726T130255Z-65de6a32|env=3|1986-07-16|h=07|m=30|step=02,3,27.5,1.2310347713901137,0.3077586928475285,242.95710924713464,0.18900869284752847,17.0,26.0
1737,agent-20260726T130255Z-65de6a32,2026-07-26T13:10:38.558931Z,1986-07-16T07:45:00.000000Z,agent-20260726T130255Z-65de6a32|env=3|1986-07-16|h=07|m=45|step=03,3,27.900000000000002,1.2889876404071523,0.32224691010178813,243.27935615723644,0.20349691010178808,17.0,26.0
1738,agent-20260726T130255Z-65de6a32,2026-07-26T13:10:38.656295Z,1986-07-16T08:00:00.000000Z,agent-20260726T130255Z-65de6a32|env=3|1986-07-16|h=07|m=60|step=04,3,28.3,1.3266705236637457,0.33166763091593643,243.61102378815238,0.21291763091593643,17.0,26.0
1739,agent-20260726T130255Z-65de6a32,2026-07-26T13:10:38.773719Z,1986-07-16T08:15:00.000000Z,agent-20260726T130255Z-65de6a32|env=3|1986-07-16|h=08|m=15|step=01,3,28.725,12.676032298563884,2.9340928761788514,246.54511666433123,0.7465928761788513,17.0,26.0
1740,agent-20260726T130255Z-65de6a32,2026-07-26T13:10:53.215900Z,1986-07-16T08:30:00.000000Z,agent-20260726T130255Z-65de6a32|env=3|1986-07-16|h=08|m=30|step=02,3,29.15,14.503930144152967,3.70146188753564,250.24657855186686,1.5139618875356395,19.0,25.0
1741,agent-20260726T130255Z-65de6a32,2026-07-26T13:10:53.334740Z,1986-07-16T08:45:00.000000Z,agent-20260726T130255Z-65de6a32|env=3|1986-07-16|h=08|m=45|step=03,3,29.575,14.928363570792905,3.6547362222000626,253.90131477406692,1.4672362222000621,19.0,25.0
1742,agent-20260726T130255Z-65de6a32,2026-07-26T13:10:53.432943Z,1986-07-16T09:00:00.000000Z,agent-20260726T130255Z-65de6a32|env=3|1986-07-16|h=08|m=60|step=04,3,30.0,15.036996679612631,3.755103892723194,257.6564186667901,1.5676038927231941,19.0,25.0
1743,agent-20260726T130255Z-65de6a32,2026-07-26T13:10:53.546616Z,1986-07-16T09:15:00.000000Z,agent-20260726T130255Z-65de6a32|env=3|1986-07-16|h=09|m=15|step=01,3,30.275,19.38531973382955,4.843321494842778,262.4997401616329,1.9370714948427776,19.0,25.0
1744,agent-20260726T130255Z-65de6a32,2026-07-26T13:11:08.017224Z,1986-07-16T09:30:00.000000Z,agent-20260726T130255Z-65de6a32|env=3|1986-07-16|h=09|m=30|step=02,3,30.55,21.134648258254696,5.486832585264182,267.9865727468971,2.580582585264181,19.0,24.0
1745,agent-20260726T130255Z-65de6a32,2026-07-26T13:11:08.150900Z,1986-07-16T09:45:00.000000Z,agent-20260726T130255Z-65de6a32|env=3|1986-07-16|h=09|m=45|step=03,3,30.825000000000003,21.85735868826932,5.43170957954967,273.41828232644673,2.5254595795496697,19.0,24.0
1746,agent-20260726T130255Z-65de6a32,2026-07-26T13:11:08.271974Z,1986-07-16T10:00:00.000000Z,agent-20260726T130255Z-65de6a32|env=3|1986-07-16|h=09|m=60|step=04,3,31.1,21.77476997629864,5.454116048647592,278.87239837509435,2.547866048647591,19.0,24.0
1747,agent-20260726T130255Z-65de6a32,2026-07-26T13:11:08.389901Z,1986-07-16T10:15:00.000000Z,agent-20260726T130255Z-65de6a32|env=3|1986-07-16|h=10|m=15|step=01,3,31.250000000000004,22.2467922236794,5.565100775538427,284.4374991506328,2.5651007755384274,19.0,24.0
1748,agent-20260726T130255Z-65de6a32,2026-07-26T13:11:22.791619Z,1986-07-16T10:30:00.000000Z,agent-20260726T130255Z-65de6a32|env=3|1986-07-16|h=10|m=30|step=02,3,31.4,23.752085738410628,6.0018049267053435,290.43930407733814,3.001804926705344,19.0,23.0
1749,agent-20260726T130255Z-65de6a32,2026-07-26T13:11:22.914174Z,1986-07-16T10:45:00.000000Z,agent-20260726T130255Z-65de6a32|env=3|1986-07-16|h=10|m=45|step=03,3,31.549999999999997,24.043092479799128,6.009760172881014,296.4490642502191,3.009760172881013,19.0,23.0
1750,agent-20260726T130255Z-65de6a32,2026-07-26T13:11:23.020801Z,1986-07-16T11:00:00.000000Z,agent-20260726T130255Z-65de6a32|env=3|1986-07-16|h=10|m=60|step=04,3,31.7,24.023238127949487,6.010528652409532,302.45959290262863,3.010528652409532,19.0,23.0
1751,agent-20260726T130255Z-65de6a32,2026-07-26T13:11:23.143772Z,1986-07-16T11:15:00.000000Z,agent-20260726T130255Z-65de6a32|env=3|1986-07-16|h=11|m=15|step=01,3,31.825,23.407363730214442,5.854000655340423,308.31359355796906,2.9477506553404234,19.0,23.0
1752,agent-20260726T130255Z-65de6a32,2026-07-26T13:11:37.670630Z,1986-07-16T11:30:00.000000Z,agent-20260726T130255Z-65de6a32|env=3|1986-07-16|h=11|m=30|step=02,3,31.950000000000003,23.314080244552613,5.83099824986099,314.14459180783007,2.9247482498609894,19.0,23.0
1753,agent-20260726T130255Z-65de6a32,2026-07-26T13:11:37.792183Z,1986-07-16T11:45:00.000000Z,agent-20260726T130255Z-65de6a32|env=3|1986-07-16|h=11|m=45|step=03,3,32.075,23.252198628802578,5.8143632639259435,319.958955071756,2.908113263925943,19.0,23.0
1754,agent-20260726T130255Z-65de6a32,2026-07-26T13:11:37.914965Z,1986-07-16T12:00:00.000000Z,agent-20260726T130255Z-65de6a32|env=3|1986-07-16|h=11|m=60|step=04,3,32.2,23.209264964280607,5.802985820730993,325.761940892487,2.8967358207309926,19.0,23.0
1755,agent-20260726T130255Z-65de6a32,2026-07-26T13:11:38.017693Z,1986-07-16T12:15:00.000000Z,agent-20260726T130255Z-65de6a32|env=3|1986-07-16|h=12|m=15|step=01,3,32.35,21.338094325511957,5.3756462954794015,331.1375871879664,2.750646295479402,19.0,23.0
1756,agent-20260726T130255Z-65de6a32,2026-07-26T13:11:52.534789Z,1986-07-16T12:30:00.000000Z,agent-20260726T130255Z-65de6a32|env=3|1986-07-16|h=12|m=30|step=02,3,32.5,21.375055986373592,5.343763996593397,336.4813511845598,2.7187639965933976,19.0,23.0
1757,agent-20260726T130255Z-65de6a32,2026-07-26T13:11:52.668164Z,1986-07-16T12:45:00.000000Z,agent-20260726T130255Z-65de6a32|env=3|1986-07-16|h=12|m=45|step=03,3,32.65,21.473791693085722,5.368447923271431,341.84979910783125,2.7434479232714306,19.0,23.0
1758,agent-20260726T130255Z-65de6a32,2026-07-26T13:11:52.803456Z,1986-07-16T13:00:00.000000Z,agent-20260726T130255Z-65de6a32|env=3|1986-07-16|h=12|m=60|step=04,3,32.8,21.529858600124342,5.382464650031085,347.2322637578623,2.7574646500310855,19.0,23.0
1759,agent-20260726T130255Z-65de6a32,2026-07-26T13:11:52.923639Z,1986-07-16T13:15:00.000000Z,agent-20260726T130255Z-65de6a32|env=3|1986-07-16|h=13|m=15|step=01,3,32.925,22.885909972301416,5.721477493075354,352.95374125093764,2.908977493075354,19.0,23.0
1760,agent-20260726T130255Z-65de6a32,2026-07-26T13:12:07.493881Z,1986-07-16T13:30:00.000000Z,agent-20260726T130255Z-65de6a32|env=3|1986-07-16|h=13|m=30|step=02,3,33.05,23.010951905519804,5.752737976379951,358.7064792273176,2.9402379763799504,19.0,23.0
1761,agent-20260726T130255Z-65de6a32,2026-07-26T13:12:08.396071Z,1986-07-16T13:45:00.000000Z,agent-20260726T130255Z-65de6a32|env=3|1986-07-16|h=13|m=45|step=03,3,33.175,23.09650459269058,5.774126148172645,364.4806053754902,2.9616261481726456,19.0,23.0
1762,agent-20260726T130255Z-65de6a32,2026-07-26T13:12:08.510259Z,1986-07-16T14:00:00.000000Z,agent-20260726T130255Z-65de6a32|env=3|1986-07-16|h=13|m=60|step=04,3,33.3,23.180562897154655,5.795140724288664,370.27574609977887,2.982640724288664,19.0,23.0
1763,agent-20260726T130255Z-65de6a32,2026-07-26T13:12:08.622102Z,1986-07-16T14:15:00.000000Z,agent-20260726T130255Z-65de6a32|env=3|1986-07-16|h=14|m=15|step=01,3,33.3,23.53473096704967,5.883682741762417,376.1594288415413,3.0086827417624167,19.0,23.0
1764,agent-20260726T130255Z-65de6a32,2026-07-26T13:12:08.737015Z,1986-07-16T14:30:00.000000Z,agent-20260726T130255Z-65de6a32|env=3|1986-07-16|h=14|m=30|step=02,3,33.3,23.598847915322192,5.899711978830548,382.05914082037185,3.024711978830548,19.0,23.0
1765,agent-20260726T130255Z-65de6a32,2026-07-26T13:12:23.494151Z,1986-07-16T14:45:00.000000Z,agent-20260726T130255Z-65de6a32|env=3|1986-07-16|h=14|m=45|step=03,3,33.3,23.653068254445884,5.91326706361147,387.9724078839833,3.0382670636114706,19.0,23.0
1766,agent-20260726T130255Z-65de6a32,2026-07-26T13:12:23.613104Z,1986-07-16T15:00:00.000000Z,agent-20260726T130255Z-65de6a32|env=3|1986-07-16|h=14|m=60|step=04,3,33.3,23.692488098829177,5.923122024707294,393.8955299086906,3.048122024707295,19.0,23.0
1767,agent-20260726T130255Z-65de6a32,2026-07-26T13:12:23.719259Z,1986-07-16T15:15:00.000000Z,agent-20260726T130255Z-65de6a32|env=3|1986-07-16|h=15|m=15|step=01,3,33.175,23.17532783537365,5.793831958843413,399.689361867534,3.043831958843412,19.0,23.0
1768,agent-20260726T130255Z-65de6a32,2026-07-26T13:12:23.842770Z,1986-07-16T15:30:00.000000Z,agent-20260726T130255Z-65de6a32|env=3|1986-07-16|h=15|m=30|step=02,3,33.05,23.18687915677041,5.796719789192602,405.4860816567266,3.0467197891926023,19.0,23.0
1769,agent-20260726T130255Z-65de6a32,2026-07-26T13:12:38.445826Z,1986-07-16T15:45:00.000000Z,agent-20260726T130255Z-65de6a32|env=3|1986-07-16|h=15|m=45|step=03,3,32.925,23.197695992049763,5.799423998012441,411.28550565473904,3.0494239980124407,19.0,23.0
1770,agent-20260726T130255Z-65de6a32,2026-07-26T13:12:38.570639Z,1986-07-16T16:00:00.000000Z,agent-20260726T130255Z-65de6a32|env=3|1986-07-16|h=15|m=60|step=04,3,32.8,23.204573917730414,5.8011434794326036,417.08664913417164,3.051143479432604,19.0,23.0
1771,agent-20260726T130255Z-65de6a32,2026-07-26T13:12:38.693425Z,1986-07-16T16:15:00.000000Z,agent-20260726T130255Z-65de6a32|env=3|1986-07-16|h=16|m=15|step=01,3,32.8,22.16038619146179,5.540096547865447,422.6267456820371,3.040096547865447,19.0,23.0
1772,agent-20260726T130255Z-65de6a32,2026-07-26T13:12:38.821075Z,1986-07-16T16:30:00.000000Z,agent-20260726T130255Z-65de6a32|env=3|1986-07-16|h=16|m=30|step=02,3,32.8,22.186812986179575,5.546703246544894,428.173448928582,3.0467032465448933,19.0,23.0
1773,agent-20260726T130255Z-65de6a32,2026-07-26T13:12:53.253949Z,1986-07-16T16:45:00.000000Z,agent-20260726T130255Z-65de6a32|env=3|1986-07-16|h=16|m=45|step=03,3,32.8,22.200838600946955,5.550209650236739,433.72365857881874,3.0502096502367393,19.0,23.0
1774,agent-20260726T130255Z-65de6a32,2026-07-26T13:12:53.363917Z,1986-07-16T17:00:00.000000Z,agent-20260726T130255Z-65de6a32|env=3|1986-07-16|h=16|m=60|step=04,3,32.8,22.205147609869677,5.551286902467419,439.2749454812862,3.051286902467419,19.0,23.0
1775,agent-20260726T130255Z-65de6a32,2026-07-26T13:12:53.466304Z,1986-07-16T17:15:00.000000Z,agent-20260726T130255Z-65de6a32|env=3|1986-07-16|h=17|m=15|step=01,3,32.525,22.046904155224592,5.511726038806148,444.78667152009234,3.0117260388061475,19.0,23.0
1776,agent-20260726T130255Z-65de6a32,2026-07-26T13:12:53.569968Z,1986-07-16T17:30:00.000000Z,agent-20260726T130255Z-65de6a32|env=3|1986-07-16|h=17|m=30|step=02,3,32.25,21.870300741160833,5.467575185290209,450.25424670538257,2.9675751852902086,19.0,23.0
1777,agent-20260726T130255Z-65de6a32,2026-07-26T13:13:07.881594Z,1986-07-16T17:45:00.000000Z,agent-20260726T130255Z-65de6a32|env=3|1986-07-16|h=17|m=45|step=03,3,31.974999999999998,21.635473499326245,5.408868374831561,455.66311508021414,2.9088683748315622,19.0,23.0
1778,agent-20260726T130255Z-65de6a32,2026-07-26T13:13:08.001585Z,1986-07-16T18:00:00.000000Z,agent-20260726T130255Z-65de6a32|env=3|1986-07-16|h=17|m=60|step=04,3,31.7,21.392840484134453,5.348210121033613,461.01132520124776,2.8482101210336133,19.0,23.0
1779,agent-20260726T130255Z-65de6a32,2026-07-26T13:13:08.134472Z,1986-07-16T18:15:00.000000Z,agent-20260726T130255Z-65de6a32|env=3|1986-07-16|h=18|m=15|step=01,3,31.424999999999997,15.199020820313406,3.7997552050783514,464.8110804063261,2.2997552050783514,19.0,23.0
1780,agent-20260726T130255Z-65de6a32,2026-07-26T13:13:08.235920Z,1986-07-16T18:30:00.000000Z,agent-20260726T130255Z-65de6a32|env=3|1986-07-16|h=18|m=30|step=02,3,31.15,14.53205612803305,3.6330140320082625,468.44409443833433,2.1330140320082625,19.0,23.0
1781,agent-20260726T130255Z-65de6a32,2026-07-26T13:13:22.795821Z,1986-07-16T18:45:00.000000Z,agent-20260726T130255Z-65de6a32|env=3|1986-07-16|h=18|m=45|step=03,3,30.875000000000004,14.160413578201773,3.540103394550443,471.9841978328848,2.040103394550443,19.0,23.0
1782,agent-20260726T130255Z-65de6a32,2026-07-26T13:13:22.912963Z,1986-07-16T19:00:00.000000Z,agent-20260726T130255Z-65de6a32|env=3|1986-07-16|h=18|m=60|step=04,3,30.6,13.725895077874076,3.431473769468519,475.4156716023533,1.9314737694685191,19.0,23.0
1783,agent-20260726T130255Z-65de6a32,2026-07-26T13:13:23.009334Z,1986-07-16T19:15:00.000000Z,agent-20260726T130255Z-65de6a32|env=3|1986-07-16|h=19|m=15|step=01,3,30.450000000000003,10.704566681217136,2.6761416703042844,478.0918132726576,1.551141670304284,19.0,23.0
1784,agent-20260726T130255Z-65de6a32,2026-07-26T13:13:23.119301Z,1986-07-16T19:30:00.000000Z,agent-20260726T130255Z-65de6a32|env=3|1986-07-16|h=19|m=30|step=02,3,30.3,10.21373871173248,2.55548202995051,480.6472953026081,1.43048202995051,19.0,23.0
1785,agent-20260726T130255Z-65de6a32,2026-07-26T13:13:37.745447Z,1986-07-16T19:45:00.000000Z,agent-20260726T130255Z-65de6a32|env=3|1986-07-16|h=19|m=45|step=03,3,30.15,9.880006469722655,2.472345181006129,483.1196404836142,1.3473451810061285,19.0,23.0
1786,agent-20260726T130255Z-65de6a32,2026-07-26T13:13:37.870133Z,1986-07-16T20:00:00.000000Z,agent-20260726T130255Z-65de6a32|env=3|1986-07-16|h=19|m=60|step=04,3,30.0,9.620747820597366,2.4064653094890454,485.5261057931032,1.2814653094890456,19.0,23.0
1787,agent-20260726T130255Z-65de6a32,2026-07-26T13:13:37.995733Z,1986-07-16T20:15:00.000000Z,agent-20260726T130255Z-65de6a32|env=3|1986-07-16|h=20|m=15|step=01,3,29.725,9.324969709533754,2.332166553524476,487.8582723466277,1.2071665535244758,19.0,23.0
1788,agent-20260726T130255Z-65de6a32,2026-07-26T13:13:38.116989Z,1986-07-16T20:30:00.000000Z,agent-20260726T130255Z-65de6a32|env=3|1986-07-16|h=20|m=30|step=02,3,29.45,9.063140928242683,2.266857643089735,490.12512998971744,1.1418576430897351,19.0,23.0
1789,agent-20260726T130255Z-65de6a32,2026-07-26T13:13:52.813754Z,1986-07-16T20:45:00.000000Z,agent-20260726T130255Z-65de6a32|env=3|1986-07-16|h=20|m=45|step=03,3,29.174999999999997,8.827162599281145,2.2079316698067117,492.33306165952416,1.0829316698067115,19.0,23.0
1790,agent-20260726T130255Z-65de6a32,2026-07-26T13:13:52.929397Z,1986-07-16T21:00:00.000000Z,agent-20260726T130255Z-65de6a32|env=3|1986-07-16|h=20|m=60|step=04,3,28.9,8.612665009922187,2.1543163819340934,494.48737804145827,1.0293163819340931,19.0,23.0
1791,agent-20260726T130255Z-65de6a32,2026-07-26T13:13:53.040412Z,1986-07-16T21:15:00.000000Z,agent-20260726T130255Z-65de6a32|env=3|1986-07-16|h=21|m=15|step=01,3,28.624999999999996,1.2536752254137864,0.5155327990953426,495.0029108405536,0.3967827990953426,19.0,23.0
1792,agent-20260726T130255Z-65de6a32,2026-07-26T13:14:07.372122Z,1986-07-16T21:30:00.000000Z,agent-20260726T130255Z-65de6a32|env=3|1986-07-16|h=21|m=30|step=02,3,28.35,0.781067196969469,0.14425559974745575,495.1471664403011,0.025505599747455747,19.0,24.0
1793,agent-20260726T130255Z-65de6a32,2026-07-26T13:14:07.489665Z,1986-07-16T21:45:00.000000Z,agent-20260726T130255Z-65de6a32|env=3|1986-07-16|h=21|m=45|step=03,3,28.075000000000003,0.9818319490976516,0.19076219211059015,495.33792863241166,0.07201219211059015,19.0,24.0
1794,agent-20260726T130255Z-65de6a32,2026-07-26T13:14:07.599410Z,1986-07-16T22:00:00.000000Z,agent-20260726T130255Z-65de6a32|env=3|1986-07-16|h=21|m=60|step=04,3,27.8,0.952957233351206,0.23823930833780152,495.5761679407495,0.11948930833780148,19.0,24.0
1795,agent-20260726T130255Z-65de6a32,2026-07-26T13:14:07.712000Z,1986-07-16T22:15:00.000000Z,agent-20260726T130255Z-65de6a32|env=3|1986-07-16|h=22|m=15|step=01,3,27.650000000000002,0.475,0.11875,495.69491794074946,0.0,19.0,24.0
1796,agent-20260726T130255Z-65de6a32,2026-07-26T13:14:22.311499Z,1986-07-16T22:30:00.000000Z,agent-20260726T130255Z-65de6a32|env=3|1986-07-16|h=22|m=30|step=02,3,27.5,1.1374632828243356,0.28436582070608396,495.9792837614555,0.1656158207060839,19.0,24.0
1797,agent-20260726T130255Z-65de6a32,2026-07-26T13:14:22.437696Z,1986-07-16T22:45:00.000000Z,agent-20260726T130255Z-65de6a32|env=3|1986-07-16|h=22|m=45|step=03,3,27.349999999999998,0.5935711243796064,0.14839278109490156,496.12767654255043,0.029642781094901576,19.0,24.0
1798,agent-20260726T130255Z-65de6a32,2026-07-26T13:14:22.566396Z,1986-07-16T23:00:00.000000Z,agent-20260726T130255Z-65de6a32|env=3|1986-07-16|h=22|m=60|step=04,3,27.2,0.7700035205351863,0.19250088013379657,496.32017742268425,0.07375088013379656,19.0,24.0
1799,agent-20260726T130255Z-65de6a32,2026-07-26T13:14:22.676511Z,1986-07-16T23:15:00.000000Z,agent-20260726T130255Z-65de6a32|env=3|1986-07-16|h=23|m=15|step=01,3,26.924999999999997,0.6903635183047523,0.17259087957618807,496.49276830226046,0.053840879576188064,19.0,24.0
1800,agent-20260726T130255Z-65de6a32,2026-07-26T13:14:37.806703Z,1986-07-16T23:30:00.000000Z,agent-20260726T130255Z-65de6a32|env=3|1986-07-16|h=23|m=30|step=02,3,26.65,0.475,0.11875,496.61151830226044,0.0,19.0,24.0
1801,agent-20260726T130255Z-65de6a32,2026-07-26T13:14:37.960853Z,1986-07-16T23:45:00.000000Z,agent-20260726T130255Z-65de6a32|env=3|1986-07-16|h=23|m=45|step=03,3,26.375000000000004,0.6137251519286483,0.15343128798216207,496.7649495902426,0.03468128798216209,19.0,24.0
1802,agent-20260726T130255Z-65de6a32,2026-07-26T13:14:38.092057Z,1986-07-17T00:00:00.000000Z,agent-20260726T130255Z-65de6a32|env=3|1986-07-16|h=23|m=60|step=04,3,26.1,0.6993974170453185,0.17484935426132964,496.93979894450393,0.056099354261329636,19.0,24.0
1803,agent-20260726T130255Z-65de6a32,2026-07-26T13:14:38.248118Z,1986-07-17T00:15:00.000000Z,agent-20260726T130255Z-65de6a32|env=3|1986-07-17|h=00|m=15|step=01,3,25.975,0.5231027243828434,0.13077568109571086,497.07057462559965,0.012025681095710871,19.0,24.0
1804,agent-20260726T130255Z-65de6a32,2026-07-26T13:14:53.351556Z,1986-07-17T00:30:00.000000Z,agent-20260726T130255Z-65de6a32|env=3|1986-07-17|h=00|m=30|step=02,3,25.85,0.5011754190965646,0.12529385477414115,497.1958684803738,0.0065438547741411505,19.0,24.0
1805,agent-20260726T130255Z-65de6a32,2026-07-26T13:14:53.483410Z,1986-07-17T00:45:00.000000Z,agent-20260726T130255Z-65de6a32|env=3|1986-07-17|h=00|m=45|step=03,3,25.725,0.4932884987310017,0.12332212468275042,497.3191906050566,0.00457212468275043,19.0,24.0
1806,agent-20260726T130255Z-65de6a32,2026-07-26T13:14:53.629509Z,1986-07-17T01:00:00.000000Z,agent-20260726T130255Z-65de6a32|env=3|1986-07-17|h=00|m=60|step=04,3,25.6,0.475,0.11875,497.43794060505655,0.0,19.0,24.0
1807,agent-20260726T130255Z-65de6a32,2026-07-26T13:14:53.761265Z,1986-07-17T01:15:00.000000Z,agent-20260726T130255Z-65de6a32|env=3|1986-07-17|h=01|m=15|step=01,3,25.450000000000003,0.475,0.11875,497.55669060505653,0.0,19.0,24.0
1808,agent-20260726T130255Z-65de6a32,2026-07-26T13:14:55.116472Z,1986-07-17T01:30:00.000000Z,agent-20260726T130255Z-65de6a32|env=3|1986-07-17|h=01|m=30|step=02,3,25.3,0.475,0.11875,497.6754406050565,0.0,19.0,24.0
1809,agent-20260726T130255Z-65de6a32,2026-07-26T13:14:55.278666Z,1986-07-17T01:45:00.000000Z,agent-20260726T130255Z-65de6a32|env=3|1986-07-17|h=01|m=45|step=03,3,25.15,0.475,0.11875,497.7941906050565,0.0,19.0,24.0
1810,agent-20260726T130255Z-65de6a32,2026-07-26T13:14:55.424082Z,1986-07-17T02:00:00.000000Z,agent-20260726T130255Z-65de6a32|env=3|1986-07-17|h=01|m=60|step=04,3,25.0,0.475,0.11875,497.91294060505646,0.0,19.0,24.0
1811,agent-20260726T130255Z-65de6a32,2026-07-26T13:14:55.544152Z,1986-07-17T02:15:00.000000Z,agent-20260726T130255Z-65de6a32|env=3|1986-07-17|h=02|m=15|step=01,3,24.85,0.475,0.11875,498.03169060505644,0.0,19.0,24.0
1812,agent-20260726T130255Z-65de6a32,2026-07-26T13:15:10.733839Z,1986-07-17T02:30:00.000000Z,agent-20260726T130255Z-65de6a32|env=3|1986-07-17|h=02|m=30|step=02,3,24.7,0.475,0.11875,498.1504406050564,0.0,19.0,24.0
1813,agent-20260726T130255Z-65de6a32,2026-07-26T13:15:10.877425Z,1986-07-17T02:45:00.000000Z,agent-20260726T130255Z-65de6a32|env=3|1986-07-17|h=02|m=45|step=03,3,24.549999999999997,0.475,0.11875,498.2691906050564,0.0,19.0,24.0
1814,agent-20260726T130255Z-65de6a32,2026-07-26T13:15:11.002696Z,1986-07-17T03:00:00.000000Z,agent-20260726T130255Z-65de6a32|env=3|1986-07-17|h=02|m=60|step=04,3,24.4,0.475,0.11875,498.3879406050564,0.0,19.0,24.0
1815,agent-20260726T130255Z-65de6a32,2026-07-26T13:15:11.129772Z,1986-07-17T03:15:00.000000Z,agent-20260726T130255Z-65de6a32|env=3|1986-07-17|h=03|m=15|step=01,3,24.275,0.475,0.11875,498.50669060505635,0.0,19.0,24.0
1816,agent-20260726T130255Z-65de6a32,2026-07-26T13:15:26.229784Z,1986-07-17T03:30:00.000000Z,agent-20260726T130255Z-65de6a32|env=3|1986-07-17|h=03|m=30|step=02,3,24.15,0.475,0.11875,498.6254406050563,0.0,17.0,26.0
1817,agent-20260726T130255Z-65de6a32,2026-07-26T13:15:26.343384Z,1986-07-17T03:45:00.000000Z,agent-20260726T130255Z-65de6a32|env=3|1986-07-17|h=03|m=45|step=03,3,24.025,0.475,0.11875,498.7441906050563,0.0,17.0,26.0
1818,agent-20260726T130255Z-65de6a32,2026-07-26T13:15:26.451577Z,1986-07-17T04:00:00.000000Z,agent-20260726T130255Z-65de6a32|env=3|1986-07-17|h=03|m=60|step=04,3,23.9,0.475,0.11875,498.8629406050563,0.0,17.0,26.0
1819,agent-20260726T130255Z-65de6a32,2026-07-26T13:15:26.557605Z,1986-07-17T04:15:00.000000Z,agent-20260726T130255Z-65de6a32|env=3|1986-07-17|h=04|m=15|step=01,3,23.749999999999996,0.475,0.11875,498.98169060505626,0.0,17.0,26.0
1820,agent-20260726T130255Z-65de6a32,2026-07-26T13:15:41.069656Z,1986-07-17T04:30:00.000000Z,agent-20260726T130255Z-65de6a32|env=3|1986-07-17|h=04|m=30|step=02,3,23.6,0.475,0.11875,499.10044060505624,0.0,17.0,26.0
1821,agent-20260726T130255Z-65de6a32,2026-07-26T13:15:41.214190Z,1986-07-17T04:45:00.000000Z,agent-20260726T130255Z-65de6a32|env=3|1986-07-17|h=04|m=45|step=03,3,23.450000000000003,0.475,0.11875,499.2191906050562,0.0,17.0,26.0
1822,agent-20260726T130255Z-65de6a32,2026-07-26T13:15:41.362333Z,1986-07-17T05:00:00.000000Z,agent-20260726T130255Z-65de6a32|env=3|1986-07-17|h=04|m=60|step=04,3,23.3,0.475,0.11875,499.3379406050562,0.0,17.0,26.0
1823,agent-20260726T130255Z-65de6a32,2026-07-26T13:15:41.499427Z,1986-07-17T05:15:00.000000Z,agent-20260726T130255Z-65de6a32|env=3|1986-07-17|h=05|m=15|step=01,3,23.725,0.475,0.11875,499.45669060505617,0.0,17.0,26.0
1824,agent-20260726T130255Z-65de6a32,2026-07-26T13:15:42.906600Z,1986-07-17T05:30:00.000000Z,agent-20260726T130255Z-65de6a32|env=3|1986-07-17|h=05|m=30|step=02,3,24.15,0.475,0.11875,499.57544060505614,0.0,17.0,26.0
1825,agent-20260726T130255Z-65de6a32,2026-07-26T13:15:43.070307Z,1986-07-17T05:45:00.000000Z,agent-20260726T130255Z-65de6a32|env=3|1986-07-17|h=05|m=45|step=03,3,24.575,0.475,0.11875,499.6941906050561,0.0,17.0,26.0
1826,agent-20260726T130255Z-65de6a32,2026-07-26T13:15:43.208175Z,1986-07-17T06:00:00.000000Z,agent-20260726T130255Z-65de6a32|env=3|1986-07-17|h=05|m=60|step=04,3,25.0,0.475,0.11875,499.8129406050561,0.0,17.0,26.0
1827,agent-20260726T130255Z-65de6a32,2026-07-26T13:15:43.368582Z,1986-07-17T06:15:00.000000Z,agent-20260726T130255Z-65de6a32|env=3|1986-07-17|h=06|m=15|step=01,3,25.55,0.475,0.11875,499.9316906050561,0.0,17.0,26.0
1828,agent-20260726T130255Z-65de6a32,2026-07-26T13:15:58.368425Z,1986-07-17T06:30:00.000000Z,agent-20260726T130255Z-65de6a32|env=3|1986-07-17|h=06|m=30|step=02,3,26.1,0.475,0.11875,500.05044060505605,0.0,17.0,26.0
1829,agent-20260726T130255Z-65de6a32,2026-07-26T13:15:58.542146Z,1986-07-17T06:45:00.000000Z,agent-20260726T130255Z-65de6a32|env=3|1986-07-17|h=06|m=45|step=03,3,26.65,0.475,0.11875,500.16919060505603,0.0,17.0,26.0
1830,agent-20260726T130255Z-65de6a32,2026-07-26T13:15:58.694994Z,1986-07-17T07:00:00.000000Z,agent-20260726T130255Z-65de6a32|env=3|1986-07-17|h=06|m=60|step=04,3,27.2,0.8613520886797918,0.167044011084974,500.336234616141,0.04829401108497398,17.0,26.0
1831,agent-20260726T130255Z-65de6a32,2026-07-26T13:15:58.853069Z,1986-07-17T07:15:00.000000Z,agent-20260726T130255Z-65de6a32|env=3|1986-07-17|h=07|m=15|step=01,3,27.75,0.8343920346418711,0.2085980086604678,500.5448326248015,0.08984800866046774,17.0,26.0
1832,agent-20260726T130255Z-65de6a32,2026-07-26T13:16:14.008406Z,1986-07-17T07:30:00.000000Z,agent-20260726T130255Z-65de6a32|env=3|1986-07-17|h=07|m=30|step=02,3,28.299999999999997,0.8845784969554674,0.22114462423886685,500.76597724904036,0.10239462423886686,17.0,26.0
1833,agent-20260726T130255Z-65de6a32,2026-07-26T13:16:14.122606Z,1986-07-17T07:45:00.000000Z,agent-20260726T130255Z-65de6a32|env=3|1986-07-17|h=07|m=45|step=03,3,28.849999999999998,1.0548286641800422,0.2637071660450105,501.0296844150854,0.14495716604501052,17.0,26.0
1834,agent-20260726T130255Z-65de6a32,2026-07-26T13:16:14.227318Z,1986-07-17T08:00:00.000000Z,agent-20260726T130255Z-65de6a32|env=3|1986-07-17|h=07|m=60|step=04,3,29.4,1.1383612726716765,0.28459031816791913,501.31427473325334,0.16584031816791914,17.0,26.0
1835,agent-20260726T130255Z-65de6a32,2026-07-26T13:16:14.327778Z,1986-07-17T08:15:00.000000Z,agent-20260726T130255Z-65de6a32|env=3|1986-07-17|h=08|m=15|step=01,3,29.824999999999996,13.07534465242384,2.958249394172519,504.27252412742587,0.7707493941725189,17.0,26.0
1836,agent-20260726T130255Z-65de6a32,2026-07-26T13:16:28.647604Z,1986-07-17T08:30:00.000000Z,agent-20260726T130255Z-65de6a32|env=3|1986-07-17|h=08|m=30|step=02,3,30.25,14.79544603876272,3.800169762651665,508.0726938900775,1.6126697626516655,19.0,25.0
1837,agent-20260726T130255Z-65de6a32,2026-07-26T13:16:28.780676Z,1986-07-17T08:45:00.000000Z,agent-20260726T130255Z-65de6a32|env=3|1986-07-17|h=08|m=45|step=03,3,30.675000000000004,15.265677593201412,3.742514337068983,511.8152082271465,1.5550143370689828,19.0,25.0
1838,agent-20260726T130255Z-65de6a32,2026-07-26T13:16:28.894696Z,1986-07-17T09:00:00.000000Z,agent-20260726T130255Z-65de6a32|env=3|1986-07-17|h=08|m=60|step=04,3,31.1,15.337283943232174,3.836349897554658,515.6515581247012,1.648849897554658,19.0,25.0
1839,agent-20260726T130255Z-65de6a32,2026-07-26T13:16:29.020368Z,1986-07-17T09:15:00.000000Z,agent-20260726T130255Z-65de6a32|env=3|1986-07-17|h=09|m=15|step=01,3,31.250000000000004,19.730484968731577,4.9356736254176825,520.5872317501189,2.0294236254176834,19.0,25.0
1840,agent-20260726T130255Z-65de6a32,2026-07-26T13:16:43.489141Z,1986-07-17T09:30:00.000000Z,agent-20260726T130255Z-65de6a32|env=3|1986-07-17|h=09|m=30|step=02,3,31.4,21.324429074308533,5.5713415979188134,526.1585733480377,2.665091597918813,19.0,24.0
1841,agent-20260726T130255Z-65de6a32,2026-07-26T13:16:43.607959Z,1986-07-17T09:45:00.000000Z,agent-20260726T130255Z-65de6a32|env=3|1986-07-17|h=09|m=45|step=03,3,31.549999999999997,22.14231327158461,5.513846182070418,531.6724195301082,2.607596182070418,19.0,24.0
1842,agent-20260726T130255Z-65de6a32,2026-07-26T13:16:43.709800Z,1986-07-17T10:00:00.000000Z,agent-20260726T130255Z-65de6a32|env=3|1986-07-17|h=09|m=60|step=04,3,31.7,22.037606764784563,5.523406872544972,537.1958264026532,2.6171568725449714,19.0,24.0
1843,agent-20260726T130255Z-65de6a32,2026-07-26T13:16:43.834383Z,1986-07-17T10:15:00.000000Z,agent-20260726T130255Z-65de6a32|env=3|1986-07-17|h=10|m=15|step=01,3,31.825,22.47973346955434,5.625336752689584,542.8211631553428,2.6253367526895843,19.0,24.0
1844,agent-20260726T130255Z-65de6a32,2026-07-26T13:16:58.170975Z,1986-07-17T10:30:00.000000Z,agent-20260726T130255Z-65de6a32|env=3|1986-07-17|h=10|m=30|step=02,3,31.950000000000003,24.133884400820943,6.057345879743925,548.8785090350867,3.057345879743925,19.0,23.0
1845,agent-20260726T130255Z-65de6a32,2026-07-26T13:16:58.312124Z,1986-07-17T10:45:00.000000Z,agent-20260726T130255Z-65de6a32|env=3|1986-07-17|h=10|m=45|step=03,3,32.075,24.22459694824314,6.051340116247975,554.9298491513347,3.0513401162479763,19.0,23.0
1846,agent-20260726T130255Z-65de6a32,2026-07-26T13:16:58.426987Z,1986-07-17T11:00:00.000000Z,agent-20260726T130255Z-65de6a32|env=3|1986-07-17|h=10|m=60|step=04,3,32.2,24.163476634246145,6.047022944553833,560.9768720958886,3.047022944553833,19.0,23.0
1847,agent-20260726T130255Z-65de6a32,2026-07-26T13:16:58.550412Z,1986-07-17T11:15:00.000000Z,agent-20260726T130255Z-65de6a32|env=3|1986-07-17|h=11|m=15|step=01,3,32.475,23.627933063222912,5.916196470092933,566.8930685659815,3.009946470092932,19.0,23.0
1848,agent-20260726T130255Z-65de6a32,2026-07-26T13:17:13.221201Z,1986-07-17T11:30:00.000000Z,agent-20260726T130255Z-65de6a32|env=3|1986-07-17|h=11|m=30|step=02,3,32.75,23.630572156997392,5.910079438783153,572.8031480047646,3.003829438783153,19.0,23.0
1849,agent-20260726T130255Z-65de6a32,2026-07-26T13:17:13.349186Z,1986-07-17T11:45:00.000000Z,agent-20260726T130255Z-65de6a32|env=3|1986-07-17|h=11|m=45|step=03,3,33.025,23.64022801579738,5.910636227718681,578.7137842324832,3.004386227718681,19.0,23.0
1850,agent-20260726T130255Z-65de6a32,2026-07-26T13:17:13.459527Z,1986-07-17T12:00:00.000000Z,agent-20260726T130255Z-65de6a32|env=3|1986-07-17|h=11|m=60|step=04,3,33.3,23.649795651737747,5.912167773137957,584.6259520056212,3.0059177731379583,19.0,23.0
1851,agent-20260726T130255Z-65de6a32,2026-07-26T13:17:13.571144Z,1986-07-17T12:15:00.000000Z,agent-20260726T130255Z-65de6a32|env=3|1986-07-17|h=12|m=15|step=01,3,33.3,21.801508520375112,5.492408437882935,590.1183604435041,2.867408437882935,19.0,23.0
1852,agent-20260726T130255Z-65de6a32,2026-07-26T13:17:28.062770Z,1986-07-17T12:30:00.000000Z,agent-20260726T130255Z-65de6a32|env=3|1986-07-17|h=12|m=30|step=02,3,33.3,21.68296960986548,5.420742402466371,595.5391028459704,2.79574240246637,19.0,23.0
1853,agent-20260726T130255Z-65de6a32,2026-07-26T13:17:28.178591Z,1986-07-17T12:45:00.000000Z,agent-20260726T130255Z-65de6a32|env=3|1986-07-17|h=12|m=45|step=03,3,33.3,21.628908266122167,5.407227066530542,600.946329912501,2.7822270665305413,19.0,23.0
1854,agent-20260726T130255Z-65de6a32,2026-07-26T13:17:28.296616Z,1986-07-17T13:00:00.000000Z,agent-20260726T130255Z-65de6a32|env=3|1986-07-17|h=12|m=60|step=04,3,33.3,21.521733167433762,5.3804332918584405,606.3267632043595,2.7554332918584397,19.0,23.0
1855,agent-20260726T130255Z-65de6a32,2026-07-26T13:17:28.399647Z,1986-07-17T13:15:00.000000Z,agent-20260726T130255Z-65de6a32|env=3|1986-07-17|h=13|m=15|step=01,3,33.3,22.879668315780517,5.719917078945128,612.0466802833047,2.9074170789451292,19.0,23.0
1856,agent-20260726T130255Z-65de6a32,2026-07-26T13:17:42.853866Z,1986-07-17T13:30:00.000000Z,agent-20260726T130255Z-65de6a32|env=3|1986-07-17|h=13|m=30|step=02,3,33.3,22.910317476306783,5.727579369076697,617.7742596523814,2.915079369076696,19.0,23.0
1857,agent-20260726T130255Z-65de6a32,2026-07-26T13:17:42.976697Z,1986-07-17T13:45:00.000000Z,agent-20260726T130255Z-65de6a32|env=3|1986-07-17|h=13|m=45|step=03,3,33.3,22.951435185818344,5.737858796454586,623.512118448836,2.925358796454586,19.0,23.0
1858,agent-20260726T130255Z-65de6a32,2026-07-26T13:17:43.085815Z,1986-07-17T14:00:00.000000Z,agent-20260726T130255Z-65de6a32|env=3|1986-07-17|h=13|m=60|step=04,3,33.3,22.990338634245244,5.747584658561311,629.2597031073973,2.935084658561311,19.0,23.0
1859,agent-20260726T130255Z-65de6a32,2026-07-26T13:17:43.212909Z,1986-07-17T14:15:00.000000Z,agent-20260726T130255Z-65de6a32|env=3|1986-07-17|h=14|m=15|step=01,3,33.449999999999996,23.416736115844884,5.854184028961221,635.1138871363585,2.9791840289612215,19.0,23.0
1860,agent-20260726T130255Z-65de6a32,2026-07-26T13:17:44.086077Z,1986-07-17T14:30:00.000000Z,agent-20260726T130255Z-65de6a32|env=3|1986-07-17|h=14|m=30|step=02,3,33.599999999999994,23.53985436901569,5.884963592253922,640.9988507286124,3.0099635922539223,19.0,23.0
1861,agent-20260726T130255Z-65de6a32,2026-07-26T13:17:44.206431Z,1986-07-17T14:45:00.000000Z,agent-20260726T130255Z-65de6a32|env=3|1986-07-17|h=14|m=45|step=03,3,33.75,23.66143786612919,5.915359466532298,646.9142101951447,3.0403594665322977,19.0,23.0
1862,agent-20260726T130255Z-65de6a32,2026-07-26T13:17:44.328081Z,1986-07-17T15:00:00.000000Z,agent-20260726T130255Z-65de6a32|env=3|1986-07-17|h=14|m=60|step=04,3,33.9,23.77828440975598,5.944571102438994,652.8587812975837,3.0695711024389944,19.0,23.0
1863,agent-20260726T130255Z-65de6a32,2026-07-26T13:17:44.435581Z,1986-07-17T15:15:00.000000Z,agent-20260726T130255Z-65de6a32|env=3|1986-07-17|h=15|m=15|step=01,3,33.75,23.241219390158964,5.810304847539741,658.6690861451235,3.060304847539741,19.0,23.0
1864,agent-20260726T130255Z-65de6a32,2026-07-26T13:17:59.179634Z,1986-07-17T15:30:00.000000Z,agent-20260726T130255Z-65de6a32|env=3|1986-07-17|h=15|m=30|step=02,3,33.599999999999994,23.22042845516357,5.805107113790893,664.4741932589144,3.0551071137908927,19.0,23.0
1865,agent-20260726T130255Z-65de6a32,2026-07-26T13:17:59.305094Z,1986-07-17T15:45:00.000000Z,agent-20260726T130255Z-65de6a32|env=3|1986-07-17|h=15|m=45|step=03,3,33.449999999999996,23.16027416025586,5.790068540063965,670.2642617989784,3.040068540063965,19.0,23.0
1866,agent-20260726T130255Z-65de6a32,2026-07-26T13:17:59.423728Z,1986-07-17T16:00:00.000000Z,agent-20260726T130255Z-65de6a32|env=3|1986-07-17|h=15|m=60|step=04,3,33.3,23.08859067192726,5.772147667981816,676.0364094669602,3.0221476679818156,19.0,23.0
1867,agent-20260726T130255Z-65de6a32,2026-07-26T13:17:59.527480Z,1986-07-17T16:15:00.000000Z,agent-20260726T130255Z-65de6a32|env=3|1986-07-17|h=16|m=15|step=01,3,33.175,21.92171062959019,5.480427657397548,681.5168371243577,2.9804276573975472,19.0,23.0
1868,agent-20260726T130255Z-65de6a32,2026-07-26T13:18:00.487441Z,1986-07-17T16:30:00.000000Z,agent-20260726T130255Z-65de6a32|env=3|1986-07-17|h=16|m=30|step=02,3,33.05,21.796940901605357,5.449235225401339,686.9660723497591,2.9492352254013396,19.0,23.0
1869,agent-20260726T130255Z-65de6a32,2026-07-26T13:18:00.605879Z,1986-07-17T16:45:00.000000Z,agent-20260726T130255Z-65de6a32|env=3|1986-07-17|h=16|m=45|step=03,3,32.925,21.697349648968224,5.424337412242056,692.3904097620011,2.9243374122420565,19.0,23.0
1870,agent-20260726T130255Z-65de6a32,2026-07-26T13:18:00.721611Z,1986-07-17T17:00:00.000000Z,agent-20260726T130255Z-65de6a32|env=3|1986-07-17|h=16|m=60|step=04,3,32.8,21.56813772032171,5.392034430080428,697.7824441920816,2.8920344300804284,19.0,23.0
1871,agent-20260726T130255Z-65de6a32,2026-07-26T13:18:00.840057Z,1986-07-17T17:15:00.000000Z,agent-20260726T130255Z-65de6a32|env=3|1986-07-17|h=17|m=15|step=01,3,32.375,21.341413158094706,5.335353289523677,703.1177974816053,2.8353532895236766,19.0,23.0
1872,agent-20260726T130255Z-65de6a32,2026-07-26T13:18:15.568504Z,1986-07-17T17:30:00.000000Z,agent-20260726T130255Z-65de6a32|env=3|1986-07-17|h=17|m=30|step=02,3,31.95,21.04018019842472,5.2600450496061795,708.3778425312115,2.76004504960618,19.0,23.0
1873,agent-20260726T130255Z-65de6a32,2026-07-26T13:18:15.727116Z,1986-07-17T17:45:00.000000Z,agent-20260726T130255Z-65de6a32|env=3|1986-07-17|h=17|m=45|step=03,3,31.525000000000002,20.754505836541277,5.188626459135319,713.5664689903468,2.688626459135319,19.0,23.0
1874,agent-20260726T130255Z-65de6a32,2026-07-26T13:18:15.864304Z,1986-07-17T18:00:00.000000Z,agent-20260726T130255Z-65de6a32|env=3|1986-07-17|h=17|m=60|step=04,3,31.1,20.402214391784952,5.100553597946238,718.6670225882931,2.600553597946239,19.0,23.0
1875,agent-20260726T130255Z-65de6a32,2026-07-26T13:18:16.007602Z,1986-07-17T18:15:00.000000Z,agent-20260726T130255Z-65de6a32|env=3|1986-07-17|h=18|m=15|step=01,3,31.1,14.061535095514255,3.515383773878564,722.1824063621716,2.015383773878564,19.0,23.0
1876,agent-20260726T130255Z-65de6a32,2026-07-26T13:18:30.384813Z,1986-07-17T18:30:00.000000Z,agent-20260726T130255Z-65de6a32|env=3|1986-07-17|h=18|m=30|step=02,3,31.1,13.558583742351075,3.389645935587769,725.5720522977593,1.8896459355877688,19.0,23.0
1877,agent-20260726T130255Z-65de6a32,2026-07-26T13:18:30.515371Z,1986-07-17T18:45:00.000000Z,agent-20260726T130255Z-65de6a32|env=3|1986-07-17|h=18|m=45|step=03,3,31.1,13.190764686229972,3.297691171557493,728.8697434693169,1.797691171557493,19.0,23.0
1878,agent-20260726T130255Z-65de6a32,2026-07-26T13:18:30.623751Z,1986-07-17T19:00:00.000000Z,agent-20260726T130255Z-65de6a32|env=3|1986-07-17|h=18|m=60|step=04,3,31.1,12.894426123158294,3.223606530789573,732.0933500001064,1.7236065307895736,19.0,23.0
1879,agent-20260726T130255Z-65de6a32,2026-07-26T13:18:30.748863Z,1986-07-17T19:15:00.000000Z,agent-20260726T130255Z-65de6a32|env=3|1986-07-17|h=19|m=15|step=01,3,30.675000000000004,9.93558924940802,2.483897312352005,734.5772473124584,1.358897312352005,19.0,23.0
1880,agent-20260726T130255Z-65de6a32,2026-07-26T13:18:31.720324Z,1986-07-17T19:30:00.000000Z,agent-20260726T130255Z-65de6a32|env=3|1986-07-17|h=19|m=30|step=02,3,30.25,9.467623713082725,2.3690829252410754,736.9463302376995,1.2440829252410752,19.0,23.0
1881,agent-20260726T130255Z-65de6a32,2026-07-26T13:18:31.830888Z,1986-07-17T19:45:00.000000Z,agent-20260726T130255Z-65de6a32|env=3|1986-07-17|h=19|m=45|step=03,3,29.824999999999996,9.117100444087638,2.2822274280320394,739.2285576657315,1.1572274280320394,19.0,23.0
1882,agent-20260726T130255Z-65de6a32,2026-07-26T13:18:31.930432Z,1986-07-17T20:00:00.000000Z,agent-20260726T130255Z-65de6a32|env=3|1986-07-17|h=19|m=60|step=04,3,29.4,8.823658993397247,2.20808302617565,741.4366406919072,1.08308302617565,19.0,23.0
1883,agent-20260726T130255Z-65de6a32,2026-07-26T13:18:32.031813Z,1986-07-17T20:15:00.000000Z,agent-20260726T130255Z-65de6a32|env=3|1986-07-17|h=20|m=15|step=01,3,29.4,8.621457106547929,2.157035658719048,743.5936763506262,1.0320356587190476,19.0,23.0
1884,agent-20260726T130255Z-65de6a32,2026-07-26T13:18:46.916969Z,1986-07-17T20:30:00.000000Z,agent-20260726T130255Z-65de6a32|env=3|1986-07-17|h=20|m=30|step=02,3,29.4,8.447725602540991,2.113214132215521,745.7068904828417,0.9882141322155208,19.0,23.0
1885,agent-20260726T130255Z-65de6a32,2026-07-26T13:18:47.042732Z,1986-07-17T20:45:00.000000Z,agent-20260726T130255Z-65de6a32|env=3|1986-07-17|h=20|m=45|step=03,3,29.4,8.296009438112575,2.075015534937565,747.7819060177793,0.9500155349375647,19.0,23.0
1886,agent-20260726T130255Z-65de6a32,2026-07-26T13:18:47.179009Z,1986-07-17T21:00:00.000000Z,agent-20260726T130255Z-65de6a32|env=3|1986-07-17|h=20|m=60|step=04,3,29.4,8.161761092923298,2.041266748894142,749.8231727666735,0.9162667488941421,19.0,23.0
1887,agent-20260726T130255Z-65de6a32,2026-07-26T13:18:47.293234Z,1986-07-17T21:15:00.000000Z,agent-20260726T130255Z-65de6a32|env=3|1986-07-17|h=21|m=15|step=01,3,28.724999999999998,1.165801642915742,0.47821170146373515,750.3013844681371,0.35946170146373513,19.0,23.0
1888,agent-20260726T130255Z-65de6a32,2026-07-26T13:19:01.492632Z,1986-07-17T21:30:00.000000Z,agent-20260726T130255Z-65de6a32|env=3|1986-07-17|h=21|m=30|step=02,3,28.049999999999997,0.5651436120830785,0.12626196767358988,750.4276464358107,0.007511967673589884,19.0,24.0
1889,agent-20260726T130255Z-65de6a32,2026-07-26T13:19:01.604327Z,1986-07-17T21:45:00.000000Z,agent-20260726T130255Z-65de6a32|env=3|1986-07-17|h=21|m=45|step=03,3,27.375,0.8321125348244734,0.16422070480467713,750.5918671406155,0.04547070480467712,19.0,24.0
1890,agent-20260726T130255Z-65de6a32,2026-07-26T13:19:01.724991Z,1986-07-17T22:00:00.000000Z,agent-20260726T130255Z-65de6a32|env=3|1986-07-17|h=21|m=60|step=04,3,26.7,0.7879501565214866,0.19698753913037165,750.7888546797459,0.07823753913037165,19.0,24.0
1891,agent-20260726T130255Z-65de6a32,2026-07-26T13:19:01.844457Z,1986-07-17T22:15:00.000000Z,agent-20260726T130255Z-65de6a32|env=3|1986-07-17|h=22|m=15|step=01,3,26.549999999999997,0.475,0.11875,750.9076046797459,0.0,19.0,24.0
1892,agent-20260726T130255Z-65de6a32,2026-07-26T13:19:16.188924Z,1986-07-17T22:30:00.000000Z,agent-20260726T130255Z-65de6a32|env=3|1986-07-17|h=22|m=30|step=02,3,26.4,0.9270684360975205,0.23176710902438014,751.1393717887703,0.11301710902438014,19.0,24.0
1893,agent-20260726T130255Z-65de6a32,2026-07-26T13:19:16.310567Z,1986-07-17T22:45:00.000000Z,agent-20260726T130255Z-65de6a32|env=3|1986-07-17|h=22|m=45|step=03,3,26.250000000000004,0.5289497226033061,0.13223743065082652,751.2716092194211,0.013487430650826512,19.0,24.0
1894,agent-20260726T130255Z-65de6a32,2026-07-26T13:19:16.411270Z,1986-07-17T23:00:00.000000Z,agent-20260726T130255Z-65de6a32|env=3|1986-07-17|h=22|m=60|step=04,3,26.1,0.6444865356208298,0.16112163390520748,751.4327308533262,0.042371633905207456,19.0,24.0
1895,agent-20260726T130255Z-65de6a32,2026-07-26T13:19:16.540340Z,1986-07-17T23:15:00.000000Z,agent-20260726T130255Z-65de6a32|env=3|1986-07-17|h=23|m=15|step=01,3,26.1,0.6003969391023297,0.15009923477558246,751.5828300881018,0.03134923477558242,19.0,24.0
1896,agent-20260726T130255Z-65de6a32,2026-07-26T13:19:17.418410Z,1986-07-17T23:30:00.000000Z,agent-20260726T130255Z-65de6a32|env=3|1986-07-17|h=23|m=30|step=02,3,26.1,0.475,0.11875,751.7015800881018,0.0,19.0,24.0
1897,agent-20260726T130255Z-65de6a32,2026-07-26T13:19:17.541830Z,1986-07-17T23:45:00.000000Z,agent-20260726T130255Z-65de6a32|env=3|1986-07-17|h=23|m=45|step=03,3,26.1,0.475,0.11875,751.8203300881017,0.0,19.0,24.0
1898,agent-20260726T130255Z-65de6a32,2026-07-26T13:19:17.668346Z,1986-07-18T00:00:00.000000Z,agent-20260726T130255Z-65de6a32|env=3|1986-07-17|h=23|m=60|step=04,3,26.1,0.570435889527563,0.14260897238189074,751.9629390604837,0.02385897238189075,19.0,24.0
1899,agent-20260726T130255Z-65de6a32,2026-07-26T13:19:17.794178Z,1986-07-18T00:15:00.000000Z,agent-20260726T130255Z-65de6a32|env=3|1986-07-18|h=00|m=15|step=01,3,25.975,0.475,0.11875,752.0816890604837,0.0,19.0,24.0
1900,agent-20260726T130255Z-65de6a32,2026-07-26T13:19:18.675137Z,1986-07-18T00:30:00.000000Z,agent-20260726T130255Z-65de6a32|env=3|1986-07-18|h=00|m=30|step=02,3,25.85,0.475,0.11875,752.2004390604836,0.0,19.0,24.0
1901,agent-20260726T130255Z-65de6a32,2026-07-26T13:19:18.796528Z,1986-07-18T00:45:00.000000Z,agent-20260726T130255Z-65de6a32|env=3|1986-07-18|h=00|m=45|step=03,3,25.725,0.4897445708043561,0.12243614270108902,752.3228752031847,0.0036861427010890244,19.0,24.0
1902,agent-20260726T130255Z-65de6a32,2026-07-26T13:19:18.895543Z,1986-07-18T01:00:00.000000Z,agent-20260726T130255Z-65de6a32|env=3|1986-07-18|h=00|m=60|step=04,3,25.6,0.475,0.11875,752.4416252031847,0.0,19.0,24.0
1903,agent-20260726T130255Z-65de6a32,2026-07-26T13:19:19.007823Z,1986-07-18T01:15:00.000000Z,agent-20260726T130255Z-65de6a32|env=3|1986-07-18|h=01|m=15|step=01,3,25.450000000000003,0.475,0.11875,752.5603752031847,0.0,19.0,24.0
1904,agent-20260726T130255Z-65de6a32,2026-07-26T13:19:19.854539Z,1986-07-18T01:30:00.000000Z,agent-20260726T130255Z-65de6a32|env=3|1986-07-18|h=01|m=30|step=02,3,25.3,0.475,0.11875,752.6791252031846,0.0,19.0,24.0
1905,agent-20260726T130255Z-65de6a32,2026-07-26T13:19:19.965487Z,1986-07-18T01:45:00.000000Z,agent-20260726T130255Z-65de6a32|env=3|1986-07-18|h=01|m=45|step=03,3,25.15,0.475,0.11875,752.7978752031846,0.0,19.0,24.0
1906,agent-20260726T130255Z-65de6a32,2026-07-26T13:19:20.091823Z,1986-07-18T02:00:00.000000Z,agent-20260726T130255Z-65de6a32|env=3|1986-07-18|h=01|m=60|step=04,3,25.0,0.475,0.11875,752.9166252031846,0.0,19.0,24.0
1907,agent-20260726T130255Z-65de6a32,2026-07-26T13:19:20.187432Z,1986-07-18T02:15:00.000000Z,agent-20260726T130255Z-65de6a32|env=3|1986-07-18|h=02|m=15|step=01,3,25.0,0.475,0.11875,753.0353752031846,0.0,19.0,24.0
1908,agent-20260726T130255Z-65de6a32,2026-07-26T13:19:39.350128Z,1986-07-18T02:30:00.000000Z,agent-20260726T130255Z-65de6a32|env=3|1986-07-18|h=02|m=30|step=02,3,25.0,0.475,0.11875,753.1541252031845,0.0,19.0,24.0
1909,agent-20260726T130255Z-65de6a32,2026-07-26T13:19:39.471370Z,1986-07-18T02:45:00.000000Z,agent-20260726T130255Z-65de6a32|env=3|1986-07-18|h=02|m=45|step=03,3,25.0,0.475,0.11875,753.2728752031845,0.0,19.0,24.0
1910,agent-20260726T130255Z-65de6a32,2026-07-26T13:19:39.572315Z,1986-07-18T03:00:00.000000Z,agent-20260726T130255Z-65de6a32|env=3|1986-07-18|h=02|m=60|step=04,3,25.0,0.475,0.11875,753.3916252031845,0.0,19.0,24.0
1911,agent-20260726T130255Z-65de6a32,2026-07-26T13:19:39.666919Z,1986-07-18T03:15:00.000000Z,agent-20260726T130255Z-65de6a32|env=3|1986-07-18|h=03|m=15|step=01,3,24.85,0.475,0.11875,753.5103752031845,0.0,19.0,24.0
1912,agent-20260726T130255Z-65de6a32,2026-07-26T13:19:54.309382Z,1986-07-18T03:30:00.000000Z,agent-20260726T130255Z-65de6a32|env=3|1986-07-18|h=03|m=30|step=02,3,24.7,0.475,0.11875,753.6291252031845,0.0,17.0,26.0
1913,agent-20260726T130255Z-65de6a32,2026-07-26T13:19:54.431579Z,1986-07-18T03:45:00.000000Z,agent-20260726T130255Z-65de6a32|env=3|1986-07-18|h=03|m=45|step=03,3,24.549999999999997,0.475,0.11875,753.7478752031844,0.0,17.0,26.0
1914,agent-20260726T130255Z-65de6a32,2026-07-26T13:19:54.553647Z,1986-07-18T04:00:00.000000Z,agent-20260726T130255Z-65de6a32|env=3|1986-07-18|h=03|m=60|step=04,3,24.4,0.475,0.11875,753.8666252031844,0.0,17.0,26.0
1915,agent-20260726T130255Z-65de6a32,2026-07-26T13:19:54.665788Z,1986-07-18T04:15:00.000000Z,agent-20260726T130255Z-65de6a32|env=3|1986-07-18|h=04|m=15|step=01,3,24.275,0.475,0.11875,753.9853752031844,0.0,17.0,26.0
1916,agent-20260726T130255Z-65de6a32,2026-07-26T13:20:09.367992Z,1986-07-18T04:30:00.000000Z,agent-20260726T130255Z-65de6a32|env=3|1986-07-18|h=04|m=30|step=02,3,24.15,0.475,0.11875,754.1041252031844,0.0,17.0,26.0
1917,agent-20260726T130255Z-65de6a32,2026-07-26T13:20:09.519795Z,1986-07-18T04:45:00.000000Z,agent-20260726T130255Z-65de6a32|env=3|1986-07-18|h=04|m=45|step=03,3,24.025,0.475,0.11875,754.2228752031843,0.0,17.0,26.0
1918,agent-20260726T130255Z-65de6a32,2026-07-26T13:20:09.653871Z,1986-07-18T05:00:00.000000Z,agent-20260726T130255Z-65de6a32|env=3|1986-07-18|h=04|m=60|step=04,3,23.9,0.475,0.11875,754.3416252031843,0.0,17.0,26.0
1919,agent-20260726T130255Z-65de6a32,2026-07-26T13:20:09.766900Z,1986-07-18T05:15:00.000000Z,agent-20260726T130255Z-65de6a32|env=3|1986-07-18|h=05|m=15|step=01,3,24.324999999999996,0.475,0.11875,754.4603752031843,0.0,17.0,26.0
1920,agent-20260726T130255Z-65de6a32,2026-07-26T13:20:10.839168Z,1986-07-18T05:30:00.000000Z,agent-20260726T130255Z-65de6a32|env=3|1986-07-18|h=05|m=30|step=02,3,24.75,0.475,0.11875,754.5791252031843,0.0,17.0,26.0
1921,agent-20260726T130255Z-65de6a32,2026-07-26T13:20:11.001537Z,1986-07-18T05:45:00.000000Z,agent-20260726T130255Z-65de6a32|env=3|1986-07-18|h=05|m=45|step=03,3,25.175000000000004,0.475,0.11875,754.6978752031843,0.0,17.0,26.0
1922,agent-20260726T130255Z-65de6a32,2026-07-26T13:20:11.133427Z,1986-07-18T06:00:00.000000Z,agent-20260726T130255Z-65de6a32|env=3|1986-07-18|h=05|m=60|step=04,3,25.6,0.475,0.11875,754.8166252031842,0.0,17.0,26.0
1923,agent-20260726T130255Z-65de6a32,2026-07-26T13:20:11.247516Z,1986-07-18T06:15:00.000000Z,agent-20260726T130255Z-65de6a32|env=3|1986-07-18|h=06|m=15|step=01,3,26.000000000000004,0.475,0.11875,754.9353752031842,0.0,17.0,26.0
1924,agent-20260726T130255Z-65de6a32,2026-07-26T13:20:26.085155Z,1986-07-18T06:30:00.000000Z,agent-20260726T130255Z-65de6a32|env=3|1986-07-18|h=06|m=30|step=02,3,26.4,0.475,0.11875,755.0541252031842,0.0,17.0,26.0
1925,agent-20260726T130255Z-65de6a32,2026-07-26T13:20:26.223373Z,1986-07-18T06:45:00.000000Z,agent-20260726T130255Z-65de6a32|env=3|1986-07-18|h=06|m=45|step=03,3,26.799999999999997,0.475,0.11875,755.1728752031842,0.0,17.0,26.0
1926,agent-20260726T130255Z-65de6a32,2026-07-26T13:20:26.342282Z,1986-07-18T07:00:00.000000Z,agent-20260726T130255Z-65de6a32|env=3|1986-07-18|h=06|m=60|step=04,3,27.2,0.8357617346872035,0.20894043367180087,755.381815636856,0.09019043367180088,17.0,26.0
1927,agent-20260726T130255Z-65de6a32,2026-07-26T13:20:26.462492Z,1986-07-18T07:15:00.000000Z,agent-20260726T130255Z-65de6a32|env=3|1986-07-18|h=07|m=15|step=01,3,27.625,0.8259870909026804,0.2064967727256701,755.5883124095817,0.0877467727256701,17.0,26.0
1928,agent-20260726T130255Z-65de6a32,2026-07-26T13:20:41.339639Z,1986-07-18T07:30:00.000000Z,agent-20260726T130255Z-65de6a32|env=3|1986-07-18|h=07|m=30|step=02,3,28.049999999999997,1.0127514805081486,0.2531878701270371,755.8415002797087,0.1344378701270371,17.0,26.0
1929,agent-20260726T130255Z-65de6a32,2026-07-26T13:20:41.484953Z,1986-07-18T07:45:00.000000Z,agent-20260726T130255Z-65de6a32|env=3|1986-07-18|h=07|m=45|step=03,3,28.474999999999998,1.1081454646158873,0.2770363661539718,756.1185366458627,0.1582863661539718,17.0,26.0
1930,agent-20260726T130255Z-65de6a32,2026-07-26T13:20:41.601389Z,1986-07-18T08:00:00.000000Z,agent-20260726T130255Z-65de6a32|env=3|1986-07-18|h=07|m=60|step=04,3,28.9,1.1812141006902366,0.29530352517255914,756.4138401710353,0.17655352517255918,17.0,26.0
1931,agent-20260726T130255Z-65de6a32,2026-07-26T13:20:41.722043Z,1986-07-18T08:15:00.000000Z,agent-20260726T130255Z-65de6a32|env=3|1986-07-18|h=08|m=15|step=01,3,29.174999999999997,12.779424517712684,2.9190256178257967,759.3328657888611,0.7315256178257971,17.0,26.0
1932,agent-20260726T130255Z-65de6a32,2026-07-26T13:20:56.178761Z,1986-07-18T08:30:00.000000Z,agent-20260726T130255Z-65de6a32|env=3|1986-07-18|h=08|m=30|step=02,3,29.45,14.466003287459124,3.7032911135996174,763.0361569024607,1.5157911135996176,19.0,25.0
1933,agent-20260726T130255Z-65de6a32,2026-07-26T13:20:56.308200Z,1986-07-18T08:45:00.000000Z,agent-20260726T130255Z-65de6a32|env=3|1986-07-18|h=08|m=45|step=03,3,29.725,14.892078345874351,3.6496660640945326,766.6858229665552,1.4621660640945329,19.0,25.0
1934,agent-20260726T130255Z-65de6a32,2026-07-26T13:20:56.432284Z,1986-07-18T09:00:00.000000Z,agent-20260726T130255Z-65de6a32|env=3|1986-07-18|h=08|m=60|step=04,3,30.0,14.96971958384636,3.7437323604589925,770.4295553270142,1.5562323604589923,19.0,25.0
1935,agent-20260726T130255Z-65de6a32,2026-07-26T13:20:56.540663Z,1986-07-18T09:15:00.000000Z,agent-20260726T130255Z-65de6a32|env=3|1986-07-18|h=09|m=15|step=01,3,30.425,19.340330722615583,4.836722731771718,775.2662780587859,1.9304727317717174,19.0,25.0
1936,agent-20260726T130255Z-65de6a32,2026-07-26T13:21:10.763109Z,1986-07-18T09:30:00.000000Z,agent-20260726T130255Z-65de6a32|env=3|1986-07-18|h=09|m=30|step=02,3,30.85,21.124862644108013,5.489656699332639,780.7559347581185,2.5834066993326394,19.0,24.0
1937,agent-20260726T130255Z-65de6a32,2026-07-26T13:21:10.881435Z,1986-07-18T09:45:00.000000Z,agent-20260726T130255Z-65de6a32|env=3|1986-07-18|h=09|m=45|step=03,3,31.275,21.88363094640802,5.439425075014247,786.1953598331328,2.533175075014247,19.0,24.0
1938,agent-20260726T130255Z-65de6a32,2026-07-26T13:21:10.994584Z,1986-07-18T10:00:00.000000Z,agent-20260726T130255Z-65de6a32|env=3|1986-07-18|h=09|m=60|step=04,3,31.7,21.8283694738135,5.4692989078688825,791.6646587410016,2.5630489078688816,19.0,24.0
1939,agent-20260726T130255Z-65de6a32,2026-07-26T13:21:11.100135Z,1986-07-18T10:15:00.000000Z,agent-20260726T130255Z-65de6a32|env=3|1986-07-18|h=10|m=15|step=01,3,31.825,22.3107546543887,5.581871363168494,797.2465301041701,2.5818713631684944,19.0,24.0
1940,agent-20260726T130255Z-65de6a32,2026-07-26T13:21:25.755653Z,1986-07-18T10:30:00.000000Z,agent-20260726T130255Z-65de6a32|env=3|1986-07-18|h=10|m=30|step=02,3,31.950000000000003,23.947126360835703,6.030975031441855,803.2775051356119,3.0309750314418547,19.0,23.0
1941,agent-20260726T130255Z-65de6a32,2026-07-26T13:21:25.877254Z,1986-07-18T10:45:00.000000Z,agent-20260726T130255Z-65de6a32|env=3|1986-07-18|h=10|m=45|step=03,3,32.075,24.171192237312667,6.037593590977722,809.3150987265897,3.037593590977722,19.0,23.0
1942,agent-20260726T130255Z-65de6a32,2026-07-26T13:21:25.982805Z,1986-07-18T11:00:00.000000Z,agent-20260726T130255Z-65de6a32|env=3|1986-07-18|h=10|m=60|step=04,3,32.2,24.14660581767658,6.0390755656139365,815.3541742922037,3.039075565613936,19.0,23.0
1943,agent-20260726T130255Z-65de6a32,2026-07-26T13:21:26.090280Z,1986-07-18T11:15:00.000000Z,agent-20260726T130255Z-65de6a32|env=3|1986-07-18|h=11|m=15|step=01,3,32.475,23.583018485411856,5.898623946579097,821.2527982387827,2.992373946579097,19.0,23.0
1944,agent-20260726T130255Z-65de6a32,2026-07-26T13:21:27.031340Z,1986-07-18T11:30:00.000000Z,agent-20260726T130255Z-65de6a32|env=3|1986-07-18|h=11|m=30|step=02,3,32.75,21.67834829648066,5.267943170493004,826.5207414092757,2.361693170493005,19.0,24.0
1945,agent-20260726T130255Z-65de6a32,2026-07-26T13:21:27.163564Z,1986-07-18T11:45:00.000000Z,agent-20260726T130255Z-65de6a32|env=3|1986-07-18|h=11|m=45|step=03,3,33.025,21.4906112095763,5.469825262836232,831.990566672112,2.5635752628362325,19.0,24.0
1946,agent-20260726T130255Z-65de6a32,2026-07-26T13:21:27.274297Z,1986-07-18T12:00:00.000000Z,agent-20260726T130255Z-65de6a32|env=3|1986-07-18|h=11|m=60|step=04,3,33.3,21.932317268371342,5.478986184993908,837.4695528571059,2.572736184993907,19.0,24.0
1947,agent-20260726T130255Z-65de6a32,2026-07-26T13:21:27.376261Z,1986-07-18T12:15:00.000000Z,agent-20260726T130255Z-65de6a32|env=3|1986-07-18|h=12|m=15|step=01,3,33.3,19.91844005128401,4.988771713596293,842.4583245707022,2.3637717135962917,19.0,24.0
1948,agent-20260726T130255Z-65de6a32,2026-07-26T13:21:42.023070Z,1986-07-18T12:30:00.000000Z,agent-20260726T130255Z-65de6a32|env=3|1986-07-18|h=12|m=30|step=02,3,33.3,21.86118307503742,5.565111930174915,848.0234365008771,2.9401119301749143,19.0,23.0
1949,agent-20260726T130255Z-65de6a32,2026-07-26T13:21:42.130163Z,1986-07-18T12:45:00.000000Z,agent-20260726T130255Z-65de6a32|env=3|1986-07-18|h=12|m=45|step=03,3,33.3,22.056525998692937,5.5194507397772,853.5428872406543,2.8944507397771995,19.0,23.0
1950,agent-20260726T130255Z-65de6a32,2026-07-26T13:21:42.257838Z,1986-07-18T13:00:00.000000Z,agent-20260726T130255Z-65de6a32|env=3|1986-07-18|h=12|m=60|step=04,3,33.3,21.91194699708042,5.477986749270105,859.0208739899244,2.8529867492701046,19.0,23.0
1951,agent-20260726T130255Z-65de6a32,2026-07-26T13:21:42.375563Z,1986-07-18T13:15:00.000000Z,agent-20260726T130255Z-65de6a32|env=3|1986-07-18|h=13|m=15|step=01,3,33.3,23.04473698115743,5.761184245289358,864.7820582352138,2.948684245289358,19.0,23.0
1952,agent-20260726T130255Z-65de6a32,2026-07-26T13:21:43.261279Z,1986-07-18T13:30:00.000000Z,agent-20260726T130255Z-65de6a32|env=3|1986-07-18|h=13|m=30|step=02,3,33.3,23.075000399058453,5.768750099764613,870.5508083349783,2.9562500997646133,19.0,23.0
1953,agent-20260726T130255Z-65de6a32,2026-07-26T13:21:43.389770Z,1986-07-18T13:45:00.000000Z,agent-20260726T130255Z-65de6a32|env=3|1986-07-18|h=13|m=45|step=03,3,33.3,23.13005914002441,5.782514785006104,876.3333231199845,2.970014785006103,19.0,23.0
1954,agent-20260726T130255Z-65de6a32,2026-07-26T13:21:43.486351Z,1986-07-18T14:00:00.000000Z,agent-20260726T130255Z-65de6a32|env=3|1986-07-18|h=13|m=60|step=04,3,33.3,23.195747050780692,5.798936762695174,882.1322598826796,2.986436762695174,19.0,23.0
1955,agent-20260726T130255Z-65de6a32,2026-07-26T13:21:43.600388Z,1986-07-18T14:15:00.000000Z,agent-20260726T130255Z-65de6a32|env=3|1986-07-18|h=14|m=15|step=01,3,33.3,23.514641465854933,5.878660366463734,888.0109202491433,3.003660366463733,19.0,23.0
1956,agent-20260726T130255Z-65de6a32,2026-07-26T13:21:44.457195Z,1986-07-18T14:30:00.000000Z,agent-20260726T130255Z-65de6a32|env=3|1986-07-18|h=14|m=30|step=02,3,33.3,22.090883874035686,5.408393424683137,893.4193136738264,2.5333934246831364,19.0,24.0
1957,agent-20260726T130255Z-65de6a32,2026-07-26T13:21:44.573602Z,1986-07-18T14:45:00.000000Z,agent-20260726T130255Z-65de6a32|env=3|1986-07-18|h=14|m=45|step=03,3,33.3,22.658088333859403,5.664522083464851,899.0838357572912,2.7895220834648504,19.0,24.0
1958,agent-20260726T130255Z-65de6a32,2026-07-26T13:21:44.691512Z,1986-07-18T15:00:00.000000Z,agent-20260726T130255Z-65de6a32|env=3|1986-07-18|h=14|m=60|step=04,3,33.3,22.0096857302212,5.5024214325553,904.5862571898465,2.6274214325553005,19.0,24.0
1959,agent-20260726T130255Z-65de6a32,2026-07-26T13:21:44.798731Z,1986-07-18T15:15:00.000000Z,agent-20260726T130255Z-65de6a32|env=3|1986-07-18|h=15|m=15|step=01,3,33.449999999999996,21.722872332758747,5.430718083189687,910.0169752730362,2.6807180831896864,19.0,24.0
1960,agent-20260726T130255Z-65de6a32,2026-07-26T13:21:59.459891Z,1986-07-18T15:30:00.000000Z,agent-20260726T130255Z-65de6a32|env=3|1986-07-18|h=15|m=30|step=02,3,33.599999999999994,23.317466947950724,5.853696939196462,915.8706722122326,3.1036969391964626,19.0,23.0
1961,agent-20260726T130255Z-65de6a32,2026-07-26T13:21:59.570768Z,1986-07-18T15:45:00.000000Z,agent-20260726T130255Z-65de6a32|env=3|1986-07-18|h=15|m=45|step=03,3,33.75,23.301478577107375,5.825369644276844,921.6960418565095,3.075369644276843,19.0,23.0
1962,agent-20260726T130255Z-65de6a32,2026-07-26T13:21:59.672908Z,1986-07-18T16:00:00.000000Z,agent-20260726T130255Z-65de6a32|env=3|1986-07-18|h=15|m=60|step=04,3,33.9,23.47018623933765,5.867546559834413,927.5635884163439,3.1175465598344125,19.0,23.0
1963,agent-20260726T130255Z-65de6a32,2026-07-26T13:21:59.796609Z,1986-07-18T16:15:00.000000Z,agent-20260726T130255Z-65de6a32|env=3|1986-07-18|h=16|m=15|step=01,3,33.474999999999994,22.28284525661841,5.570711314154603,933.1342997304985,3.0707113141546025,19.0,23.0
1964,agent-20260726T130255Z-65de6a32,2026-07-26T13:22:14.180073Z,1986-07-18T16:30:00.000000Z,agent-20260726T130255Z-65de6a32|env=3|1986-07-18|h=16|m=30|step=02,3,33.05,22.193721555993623,5.548430388998406,938.6827301194969,3.0484303889984057,19.0,23.0
1965,agent-20260726T130255Z-65de6a32,2026-07-26T13:22:14.302412Z,1986-07-18T16:45:00.000000Z,agent-20260726T130255Z-65de6a32|env=3|1986-07-18|h=16|m=45|step=03,3,32.625,22.098157924462097,5.524539481115523,944.2072696006124,3.0245394811155237,19.0,23.0
1966,agent-20260726T130255Z-65de6a32,2026-07-26T13:22:14.414306Z,1986-07-18T17:00:00.000000Z,agent-20260726T130255Z-65de6a32|env=3|1986-07-18|h=16|m=60|step=04,3,32.2,21.924574964123543,5.481143741030887,949.6884133416434,2.981143741030886,19.0,23.0
1967,agent-20260726T130255Z-65de6a32,2026-07-26T13:22:14.520226Z,1986-07-18T17:15:00.000000Z,agent-20260726T130255Z-65de6a32|env=3|1986-07-18|h=17|m=15|step=01,3,32.075,21.77537617649365,5.443844044123412,955.1322573857668,2.9438440441234124,19.0,23.0
1968,agent-20260726T130255Z-65de6a32,2026-07-26T13:22:15.393936Z,1986-07-18T17:30:00.000000Z,agent-20260726T130255Z-65de6a32|env=3|1986-07-18|h=17|m=30|step=02,3,31.950000000000003,21.612889861285044,5.40322246532126,960.5354798510881,2.9032224653212606,19.0,23.0
1969,agent-20260726T130255Z-65de6a32,2026-07-26T13:22:15.519896Z,1986-07-18T17:45:00.000000Z,agent-20260726T130255Z-65de6a32|env=3|1986-07-18|h=17|m=45|step=03,3,31.825,21.403593476651963,5.350898369162992,965.8863782202511,2.850898369162991,19.0,23.0
1970,agent-20260726T130255Z-65de6a32,2026-07-26T13:22:15.615623Z,1986-07-18T18:00:00.000000Z,agent-20260726T130255Z-65de6a32|env=3|1986-07-18|h=17|m=60|step=04,3,31.7,21.20302772362204,5.30075693090551,971.1871351511567,2.80075693090551,19.0,23.0
1971,agent-20260726T130255Z-65de6a32,2026-07-26T13:22:15.713336Z,1986-07-18T18:15:00.000000Z,agent-20260726T130255Z-65de6a32|env=3|1986-07-18|h=18|m=15|step=01,3,31.424999999999997,14.932943227174064,3.733235806793516,974.9203709579501,2.233235806793516,19.0,23.0
1972,agent-20260726T130255Z-65de6a32,2026-07-26T13:22:30.502322Z,1986-07-18T18:30:00.000000Z,agent-20260726T130255Z-65de6a32|env=3|1986-07-18|h=18|m=30|step=02,3,31.15,14.219468201719643,3.5548670504299107,978.4752380083801,2.0548670504299107,19.0,23.0
1973,agent-20260726T130255Z-65de6a32,2026-07-26T13:22:30.613617Z,1986-07-18T18:45:00.000000Z,agent-20260726T130255Z-65de6a32|env=3|1986-07-18|h=18|m=45|step=03,3,30.875000000000004,13.795350592896847,3.448837648224212,981.9240756566043,1.948837648224212,19.0,23.0
1974,agent-20260726T130255Z-65de6a32,2026-07-26T13:22:30.728354Z,1986-07-18T19:00:00.000000Z,agent-20260726T130255Z-65de6a32|env=3|1986-07-18|h=18|m=60|step=04,3,30.6,13.364385797323413,3.3410964493308533,985.2651721059351,1.8410964493308535,19.0,23.0
1975,agent-20260726T130255Z-65de6a32,2026-07-26T13:22:30.833033Z,1986-07-18T19:15:00.000000Z,agent-20260726T130255Z-65de6a32|env=3|1986-07-18|h=19|m=15|step=01,3,30.300000000000004,10.316014991212672,2.5790037478031684,987.8441758537383,1.4540037478031684,19.0,23.0
1976,agent-20260726T130255Z-65de6a32,2026-07-26T13:22:45.274317Z,1986-07-18T19:30:00.000000Z,agent-20260726T130255Z-65de6a32|env=3|1986-07-18|h=19|m=30|step=02,3,30.0,9.799736603632892,2.4525252569410587,990.2967011106794,1.3275252569410594,19.0,23.0
1977,agent-20260726T130255Z-65de6a32,2026-07-26T13:22:45.426813Z,1986-07-18T19:45:00.000000Z,agent-20260726T130255Z-65de6a32|env=3|1986-07-18|h=19|m=45|step=03,3,29.699999999999996,9.427777634528379,2.3602493903298067,992.6569505010092,1.2352493903298063,19.0,23.0
1978,agent-20260726T130255Z-65de6a32,2026-07-26T13:22:45.563048Z,1986-07-18T20:00:00.000000Z,agent-20260726T130255Z-65de6a32|env=3|1986-07-18|h=19|m=60|step=04,3,29.4,9.123667315787618,2.283255766737457,994.9402062677467,1.1582557667374571,19.0,23.0
1979,agent-20260726T130255Z-65de6a32,2026-07-26T13:22:45.690200Z,1986-07-18T20:15:00.000000Z,agent-20260726T130255Z-65de6a32|env=3|1986-07-18|h=20|m=15|step=01,3,29.275,8.910421695309086,2.229320810598038,997.1695270783447,1.1043208105980382,19.0,23.0
1980,agent-20260726T130255Z-65de6a32,2026-07-26T13:22:46.564198Z,1986-07-18T20:30:00.000000Z,agent-20260726T130255Z-65de6a32|env=3|1986-07-18|h=20|m=30|step=02,3,29.15,8.729688976532358,2.1836169771507223,999.3531440554954,1.0586169771507226,19.0,23.0
1981,agent-20260726T130255Z-65de6a32,2026-07-26T13:22:46.680208Z,1986-07-18T20:45:00.000000Z,agent-20260726T130255Z-65de6a32|env=3|1986-07-18|h=20|m=45|step=03,3,29.025,8.573700102997371,2.144267997740194,1001.4974120532355,1.019267997740194,19.0,23.0
1982,agent-20260726T130255Z-65de6a32,2026-07-26T13:22:46.790708Z,1986-07-18T21:00:00.000000Z,agent-20260726T130255Z-65de6a32|env=3|1986-07-18|h=20|m=60|step=04,3,28.9,8.437033848785559,2.109866215713125,1003.6072782689487,0.9848662157131252,19.0,23.0
1983,agent-20260726T130255Z-65de6a32,2026-07-26T13:22:46.880319Z,1986-07-18T21:15:00.000000Z,agent-20260726T130255Z-65de6a32|env=3|1986-07-18|h=21|m=15|step=01,3,28.474999999999998,1.2074760287116055,0.4957819522636848,1004.1030602212123,0.3770319522636848,19.0,23.0
1984,agent-20260726T130255Z-65de6a32,2026-07-26T13:23:01.470092Z,1986-07-18T21:30:00.000000Z,agent-20260726T130255Z-65de6a32|env=3|1986-07-18|h=21|m=30|step=02,3,28.049999999999997,0.6449623718570712,0.13291353098808928,1004.2359737522004,0.014163530988089264,19.0,24.0
1985,agent-20260726T130255Z-65de6a32,2026-07-26T13:23:01.572424Z,1986-07-18T21:45:00.000000Z,agent-20260726T130255Z-65de6a32|env=3|1986-07-18|h=21|m=45|step=03,3,27.625,0.9026531646132099,0.17504413700984658,1004.4110178892103,0.0562941370098466,19.0,24.0
1986,agent-20260726T130255Z-65de6a32,2026-07-26T13:23:01.684336Z,1986-07-18T22:00:00.000000Z,agent-20260726T130255Z-65de6a32|env=3|1986-07-18|h=21|m=60|step=04,3,27.2,0.8424348068656653,0.21060870171641632,1004.6216265909267,0.09185870171641633,19.0,24.0
1987,agent-20260726T130255Z-65de6a32,2026-07-26T13:23:01.786828Z,1986-07-18T22:15:00.000000Z,agent-20260726T130255Z-65de6a32|env=3|1986-07-18|h=22|m=15|step=01,3,27.075,0.475,0.11875,1004.7403765909266,0.0,19.0,24.0
1988,agent-20260726T130255Z-65de6a32,2026-07-26T13:23:16.884800Z,1986-07-18T22:30:00.000000Z,agent-20260726T130255Z-65de6a32|env=3|1986-07-18|h=22|m=30|step=02,3,26.95,1.0126097535231529,0.2531524383807882,1004.9935290293074,0.13440243838078822,19.0,24.0
1989,agent-20260726T130255Z-65de6a32,2026-07-26T13:23:16.986175Z,1986-07-18T22:45:00.000000Z,agent-20260726T130255Z-65de6a32|env=3|1986-07-18|h=22|m=45|step=03,3,26.825,0.5608474954540008,0.14021187386350023,1005.1337409031709,0.021461873863500208,19.0,24.0
1990,agent-20260726T130255Z-65de6a32,2026-07-26T13:23:17.088373Z,1986-07-18T23:00:00.000000Z,agent-20260726T130255Z-65de6a32|env=3|1986-07-18|h=22|m=60|step=04,3,26.7,0.719372223981687,0.17984305599542172,1005.3135839591663,0.06109305599542174,19.0,24.0
1991,agent-20260726T130255Z-65de6a32,2026-07-26T13:23:17.217253Z,1986-07-18T23:15:00.000000Z,agent-20260726T130255Z-65de6a32|env=3|1986-07-18|h=23|m=15|step=01,3,26.549999999999997,0.6519947940162174,0.16299869850405432,1005.4765826576703,0.04424869850405433,19.0,24.0
1992,agent-20260726T130255Z-65de6a32,2026-07-26T13:23:17.987706Z,1986-07-18T23:30:00.000000Z,agent-20260726T130255Z-65de6a32|env=3|1986-07-18|h=23|m=30|step=02,3,26.4,0.475,0.11875,1005.5953326576703,0.0,19.0,24.0
1993,agent-20260726T130255Z-65de6a32,2026-07-26T13:23:18.109557Z,1986-07-18T23:45:00.000000Z,agent-20260726T130255Z-65de6a32|env=3|1986-07-18|h=23|m=45|step=03,3,26.250000000000004,0.5944255713640867,0.14860639284102165,1005.7439390505112,0.029856392841021644,19.0,24.0
1994,agent-20260726T130255Z-65de6a32,2026-07-26T13:23:18.217545Z,1986-07-19T00:00:00.000000Z,agent-20260726T130255Z-65de6a32|env=3|1986-07-18|h=23|m=60|step=04,3,26.1,0.5903616859872829,0.1475904214968207,1005.8915294720081,0.028840421496820708,19.0,24.0
1995,agent-20260726T130255Z-65de6a32,2026-07-26T13:23:18.352731Z,1986-07-19T00:15:00.000000Z,agent-20260726T130255Z-65de6a32|env=3|1986-07-19|h=00|m=15|step=01,3,25.975,0.6018038323435823,0.15045095808589556,1006.041980430094,0.03170095808589557,19.0,24.0
1996,agent-20260726T130255Z-65de6a32,2026-07-26T13:23:19.120063Z,1986-07-19T00:30:00.000000Z,agent-20260726T130255Z-65de6a32|env=3|1986-07-19|h=00|m=30|step=02,3,25.85,0.5002025634331075,0.12505064085827688,1006.1670310709522,0.00630064085827688,19.0,24.0
1997,agent-20260726T130255Z-65de6a32,2026-07-26T13:23:19.251398Z,1986-07-19T00:45:00.000000Z,agent-20260726T130255Z-65de6a32|env=3|1986-07-19|h=00|m=45|step=03,3,25.725,0.4923876665722599,0.12309691664306498,1006.2901279875953,0.004346916643064972,19.0,24.0
1998,agent-20260726T130255Z-65de6a32,2026-07-26T13:23:19.355817Z,1986-07-19T01:00:00.000000Z,agent-20260726T130255Z-65de6a32|env=3|1986-07-19|h=00|m=60|step=04,3,25.6,0.475,0.11875,1006.4088779875952,0.0,19.0,24.0
1999,agent-20260726T130255Z-65de6a32,2026-07-26T13:23:19.458412Z,1986-07-19T01:15:00.000000Z,agent-20260726T130255Z-65de6a32|env=3|1986-07-19|h=01|m=15|step=01,3,25.300000000000004,0.475,0.11875,1006.5276279875952,0.0,19.0,24.0
2000,agent-20260726T130255Z-65de6a32,2026-07-26T13:23:20.313960Z,1986-07-19T01:30:00.000000Z,agent-20260726T130255Z-65de6a32|env=3|1986-07-19|h=01|m=30|step=02,3,25.0,0.475,0.11875,1006.6463779875952,0.0,19.0,24.0
2001,agent-20260726T130255Z-65de6a32,2026-07-26T13:23:20.422295Z,1986-07-19T01:45:00.000000Z,agent-20260726T130255Z-65de6a32|env=3|1986-07-19|h=01|m=45|step=03,3,24.699999999999996,0.475,0.11875,1006.7651279875952,0.0,19.0,24.0
2002,agent-20260726T130255Z-65de6a32,2026-07-26T13:23:20.524517Z,1986-07-19T02:00:00.000000Z,agent-20260726T130255Z-65de6a32|env=3|1986-07-19|h=01|m=60|step=04,3,24.4,0.475,0.11875,1006.8838779875952,0.0,19.0,24.0
2003,agent-20260726T130255Z-65de6a32,2026-07-26T13:23:20.630953Z,1986-07-19T02:15:00.000000Z,agent-20260726T130255Z-65de6a32|env=3|1986-07-19|h=02|m=15|step=01,3,24.4,0.475,0.11875,1007.0026279875951,0.0,19.0,24.0
2004,agent-20260726T130255Z-65de6a32,2026-07-26T13:23:35.705128Z,1986-07-19T02:30:00.000000Z,agent-20260726T130255Z-65de6a32|env=3|1986-07-19|h=02|m=30|step=02,3,24.4,0.475,0.11875,1007.1213779875951,0.0,19.0,24.0
2005,agent-20260726T130255Z-65de6a32,2026-07-26T13:23:35.837983Z,1986-07-19T02:45:00.000000Z,agent-20260726T130255Z-65de6a32|env=3|1986-07-19|h=02|m=45|step=03,3,24.4,0.475,0.11875,1007.2401279875951,0.0,19.0,24.0
2006,agent-20260726T130255Z-65de6a32,2026-07-26T13:23:35.954371Z,1986-07-19T03:00:00.000000Z,agent-20260726T130255Z-65de6a32|env=3|1986-07-19|h=02|m=60|step=04,3,24.4,0.475,0.11875,1007.3588779875951,0.0,19.0,24.0
2007,agent-20260726T130255Z-65de6a32,2026-07-26T13:23:36.062272Z,1986-07-19T03:15:00.000000Z,agent-20260726T130255Z-65de6a32|env=3|1986-07-19|h=03|m=15|step=01,3,24.275,0.475,0.11875,1007.477627987595,0.0,19.0,24.0
2008,agent-20260726T130255Z-65de6a32,2026-07-26T13:23:50.997039Z,1986-07-19T03:30:00.000000Z,agent-20260726T130255Z-65de6a32|env=3|1986-07-19|h=03|m=30|step=02,3,24.15,0.475,0.11875,1007.596377987595,0.0,17.0,26.0
2009,agent-20260726T130255Z-65de6a32,2026-07-26T13:23:51.117168Z,1986-07-19T03:45:00.000000Z,agent-20260726T130255Z-65de6a32|env=3|1986-07-19|h=03|m=45|step=03,3,24.025,0.475,0.11875,1007.715127987595,0.0,17.0,26.0
2010,agent-20260726T130255Z-65de6a32,2026-07-26T13:23:51.224441Z,1986-07-19T04:00:00.000000Z,agent-20260726T130255Z-65de6a32|env=3|1986-07-19|h=03|m=60|step=04,3,23.9,0.475,0.11875,1007.833877987595,0.0,17.0,26.0
2011,agent-20260726T130255Z-65de6a32,2026-07-26T13:23:51.362108Z,1986-07-19T04:15:00.000000Z,agent-20260726T130255Z-65de6a32|env=3|1986-07-19|h=04|m=15|step=01,3,23.749999999999996,0.475,0.11875,1007.952627987595,0.0,17.0,26.0
2012,agent-20260726T130255Z-65de6a32,2026-07-26T13:24:05.528349Z,1986-07-19T04:30:00.000000Z,agent-20260726T130255Z-65de6a32|env=3|1986-07-19|h=04|m=30|step=02,3,23.6,0.475,0.11875,1008.0713779875949,0.0,17.0,26.0
2013,agent-20260726T130255Z-65de6a32,2026-07-26T13:24:05.670154Z,1986-07-19T04:45:00.000000Z,agent-20260726T130255Z-65de6a32|env=3|1986-07-19|h=04|m=45|step=03,3,23.450000000000003,0.475,0.11875,1008.1901279875949,0.0,17.0,26.0
2014,agent-20260726T130255Z-65de6a32,2026-07-26T13:24:05.778343Z,1986-07-19T05:00:00.000000Z,agent-20260726T130255Z-65de6a32|env=3|1986-07-19|h=04|m=60|step=04,3,23.3,0.475,0.11875,1008.3088779875949,0.0,17.0,26.0
2015,agent-20260726T130255Z-65de6a32,2026-07-26T13:24:05.892020Z,1986-07-19T05:15:00.000000Z,agent-20260726T130255Z-65de6a32|env=3|1986-07-19|h=05|m=15|step=01,3,23.575000000000003,0.475,0.11875,1008.4276279875949,0.0,17.0,26.0
2016,agent-20260726T130255Z-65de6a32,2026-07-26T13:24:20.298991Z,1986-07-19T05:30:00.000000Z,agent-20260726T130255Z-65de6a32|env=3|1986-07-19|h=05|m=30|step=02,3,23.85,0.475,0.11875,1008.5463779875948,0.0,17.0,26.0
2017,agent-20260726T130255Z-65de6a32,2026-07-26T13:24:20.410089Z,1986-07-19T05:45:00.000000Z,agent-20260726T130255Z-65de6a32|env=3|1986-07-19|h=05|m=45|step=03,3,24.124999999999996,0.475,0.11875,1008.6651279875948,0.0,17.0,26.0
2018,agent-20260726T130255Z-65de6a32,2026-07-26T13:24:20.512492Z,1986-07-19T06:00:00.000000Z,agent-20260726T130255Z-65de6a32|env=3|1986-07-19|h=05|m=60|step=04,3,24.4,0.475,0.11875,1008.7838779875948,0.0,17.0,26.0
2019,agent-20260726T130255Z-65de6a32,2026-07-26T13:24:20.633957Z,1986-07-19T06:15:00.000000Z,agent-20260726T130255Z-65de6a32|env=3|1986-07-19|h=06|m=15|step=01,3,25.099999999999998,0.475,0.11875,1008.9026279875948,0.0,17.0,26.0
2020,agent-20260726T130255Z-65de6a32,2026-07-26T13:24:34.879928Z,1986-07-19T06:30:00.000000Z,agent-20260726T130255Z-65de6a32|env=3|1986-07-19|h=06|m=30|step=02,3,25.799999999999997,0.475,0.11875,1009.0213779875947,0.0,17.0,26.0
2021,agent-20260726T130255Z-65de6a32,2026-07-26T13:24:35.004625Z,1986-07-19T06:45:00.000000Z,agent-20260726T130255Z-65de6a32|env=3|1986-07-19|h=06|m=45|step=03,3,26.5,0.4790450172187689,0.17545788966092807,1009.1968358772557,0.05670788966092808,17.0,26.0
2022,agent-20260726T130255Z-65de6a32,2026-07-26T13:24:35.111524Z,1986-07-19T07:00:00.000000Z,agent-20260726T130255Z-65de6a32|env=3|1986-07-19|h=06|m=60|step=04,3,27.2,0.8861692209493139,0.22154230523732849,1009.418378182493,0.1027923052373285,17.0,26.0
2023,agent-20260726T130255Z-65de6a32,2026-07-26T13:24:35.212547Z,1986-07-19T07:15:00.000000Z,agent-20260726T130255Z-65de6a32|env=3|1986-07-19|h=07|m=15|step=01,3,27.474999999999998,0.8660402459402076,0.2165100614850519,1009.634888243978,0.0977600614850519,17.0,26.0
2024,agent-20260726T130255Z-65de6a32,2026-07-26T13:24:36.321278Z,1986-07-19T07:30:00.000000Z,agent-20260726T130255Z-65de6a32|env=3|1986-07-19|h=07|m=30|step=02,3,27.75,0.9844215220618081,0.24610538051545203,1009.8809936244935,0.12735538051545203,17.0,26.0
2025,agent-20260726T130255Z-65de6a32,2026-07-26T13:24:36.463154Z,1986-07-19T07:45:00.000000Z,agent-20260726T130255Z-65de6a32|env=3|1986-07-19|h=07|m=45|step=03,3,28.025000000000002,0.475,0.11875,1009.9997436244935,0.0,17.0,26.0
2026,agent-20260726T130255Z-65de6a32,2026-07-26T13:24:36.577539Z,1986-07-19T08:00:00.000000Z,agent-20260726T130255Z-65de6a32|env=3|1986-07-19|h=07|m=60|step=04,3,28.3,0.8457442893606157,0.2665629558024009,1010.2663065802959,0.1478129558024009,17.0,26.0
2027,agent-20260726T130255Z-65de6a32,2026-07-26T13:24:36.708782Z,1986-07-19T08:15:00.000000Z,agent-20260726T130255Z-65de6a32|env=3|1986-07-19|h=08|m=15|step=01,3,28.875,0.8177091072556524,0.2044272768139131,1010.4707338571098,0.0856772768139131,17.0,26.0
2028,agent-20260726T130255Z-65de6a32,2026-07-26T13:24:51.583408Z,1986-07-19T08:30:00.000000Z,agent-20260726T130255Z-65de6a32|env=3|1986-07-19|h=08|m=30|step=02,3,29.450000000000003,1.1293295771696175,0.28233239429240437,1010.7530662514023,0.16358239429240437,17.0,26.0
2029,agent-20260726T130255Z-65de6a32,2026-07-26T13:24:51.725655Z,1986-07-19T08:45:00.000000Z,agent-20260726T130255Z-65de6a32|env=3|1986-07-19|h=08|m=45|step=03,3,30.025000000000002,1.0871182535814683,0.2717795633953671,1011.0248458147977,0.1530295633953671,17.0,26.0
2030,agent-20260726T130255Z-65de6a32,2026-07-26T13:24:51.833200Z,1986-07-19T09:00:00.000000Z,agent-20260726T130255Z-65de6a32|env=3|1986-07-19|h=08|m=60|step=04,3,30.6,0.475,0.11875,1011.1435958147977,0.0,17.0,26.0
2031,agent-20260726T130255Z-65de6a32,2026-07-26T13:24:51.949415Z,1986-07-19T09:15:00.000000Z,agent-20260726T130255Z-65de6a32|env=3|1986-07-19|h=09|m=15|step=01,3,30.875000000000004,1.209314289522408,0.3019354596237263,1011.4455312744213,0.18318545962372634,17.0,26.0
2032,agent-20260726T130255Z-65de6a32,2026-07-26T13:25:10.427436Z,1986-07-19T09:30:00.000000Z,agent-20260726T130255Z-65de6a32|env=3|1986-07-19|h=09|m=30|step=02,3,31.15,0.9335176388361114,0.23337940970902785,1011.6789106841304,0.11462940970902784,17.0,26.0
2033,agent-20260726T130255Z-65de6a32,2026-07-26T13:25:10.561258Z,1986-07-19T09:45:00.000000Z,agent-20260726T130255Z-65de6a32|env=3|1986-07-19|h=09|m=45|step=03,3,31.424999999999997,1.3111513393223344,0.3277878348305836,1012.006698518961,0.2090378348305836,17.0,26.0
2034,agent-20260726T130255Z-65de6a32,2026-07-26T13:25:10.691988Z,1986-07-19T10:00:00.000000Z,agent-20260726T130255Z-65de6a32|env=3|1986-07-19|h=09|m=60|step=04,3,31.7,1.2670119473266785,0.31675298683166964,1012.3234515057927,0.1980029868316697,17.0,26.0
2035,agent-20260726T130255Z-65de6a32,2026-07-26T13:25:10.820033Z,1986-07-19T10:15:00.000000Z,agent-20260726T130255Z-65de6a32|env=3|1986-07-19|h=10|m=15|step=01,3,31.974999999999998,0.6765581790026653,0.18804089606744334,1012.5114924018602,0.06929089606744333,17.0,26.0
2036,agent-20260726T130255Z-65de6a32,2026-07-26T13:25:25.303270Z,1986-07-19T10:30:00.000000Z,agent-20260726T130255Z-65de6a32|env=3|1986-07-19|h=10|m=30|step=02,3,32.25,1.1625204010161327,0.3586134734591743,1012.8701058753194,0.23986347345917433,17.0,26.0
2037,agent-20260726T130255Z-65de6a32,2026-07-26T13:25:25.423923Z,1986-07-19T10:45:00.000000Z,agent-20260726T130255Z-65de6a32|env=3|1986-07-19|h=10|m=45|step=03,3,32.525,1.5800859281430484,0.3932683738000782,1013.2633742491195,0.27451837380007815,17.0,26.0
2038,agent-20260726T130255Z-65de6a32,2026-07-26T13:25:25.532118Z,1986-07-19T11:00:00.000000Z,agent-20260726T130255Z-65de6a32|env=3|1986-07-19|h=10|m=60|step=04,3,32.8,1.6285631544645605,0.40984282354136914,1013.6732170726608,0.29109282354136923,17.0,26.0
2039,agent-20260726T130255Z-65de6a32,2026-07-26T13:25:25.637961Z,1986-07-19T11:15:00.000000Z,agent-20260726T130255Z-65de6a32|env=3|1986-07-19|h=11|m=15|step=01,3,32.8,1.3856493965318633,0.3470568482175947,1014.0202739208784,0.22830684821759467,17.0,26.0
2040,agent-20260726T130255Z-65de6a32,2026-07-26T13:25:44.163548Z,1986-07-19T11:30:00.000000Z,agent-20260726T130255Z-65de6a32|env=3|1986-07-19|h=11|m=30|step=02,3,32.8,0.8249362205082841,0.2365159366143656,1014.2567898574928,0.11776593661436557,17.0,26.0
2041,agent-20260726T130255Z-65de6a32,2026-07-26T13:25:44.282411Z,1986-07-19T11:45:00.000000Z,agent-20260726T130255Z-65de6a32|env=3|1986-07-19|h=11|m=45|step=03,3,32.8,1.57239948867108,0.3858177785014333,1014.6426076359942,0.2670677785014333,17.0,26.0
2042,agent-20260726T130255Z-65de6a32,2026-07-26T13:25:44.397034Z,1986-07-19T12:00:00.000000Z,agent-20260726T130255Z-65de6a32|env=3|1986-07-19|h=11|m=60|step=04,3,32.8,1.6747076953200413,0.4246122707226249,1015.0672199067168,0.3058622707226249,17.0,26.0
2043,agent-20260726T130255Z-65de6a32,2026-07-26T13:25:44.506185Z,1986-07-19T12:15:00.000000Z,agent-20260726T130255Z-65de6a32|env=3|1986-07-19|h=12|m=15|step=01,3,32.925,1.7641975618616004,0.43409996041706855,1015.5013198671338,0.31534996041706853,17.0,26.0
2044,agent-20260726T130255Z-65de6a32,2026-07-26T13:25:58.944344Z,1986-07-19T12:30:00.000000Z,agent-20260726T130255Z-65de6a32|env=3|1986-07-19|h=12|m=30|step=02,3,33.05,1.4045529252032425,0.3514180650583386,1015.8527379321921,0.23266806505833862,17.0,26.0
2045,agent-20260726T130255Z-65de6a32,2026-07-26T13:25:59.094329Z,1986-07-19T12:45:00.000000Z,agent-20260726T130255Z-65de6a32|env=3|1986-07-19|h=12|m=45|step=03,3,33.175,1.1269362532854221,0.2806576193800712,1016.1333955515722,0.16190761938007125,17.0,26.0
2046,agent-20260726T130255Z-65de6a32,2026-07-26T13:25:59.222389Z,1986-07-19T13:00:00.000000Z,agent-20260726T130255Z-65de6a32|env=3|1986-07-19|h=12|m=60|step=04,3,33.3,1.4891576883988227,0.4321335980572615,1016.5655291496295,0.3133835980572615,17.0,26.0
2047,agent-20260726T130255Z-65de6a32,2026-07-26T13:25:59.350095Z,1986-07-19T13:15:00.000000Z,agent-20260726T130255Z-65de6a32|env=3|1986-07-19|h=13|m=15|step=01,3,33.574999999999996,1.7532715552372797,0.44243092983994997,1017.0079600794694,0.32368092983994995,17.0,26.0
2048,agent-20260726T130255Z-65de6a32,2026-07-26T13:26:17.889634Z,1986-07-19T13:30:00.000000Z,agent-20260726T130255Z-65de6a32|env=3|1986-07-19|h=13|m=30|step=02,3,33.849999999999994,1.843956632611368,0.460989158152842,1017.4689492376223,0.34223915815284206,17.0,26.0
2049,agent-20260726T130255Z-65de6a32,2026-07-26T13:26:18.018062Z,1986-07-19T13:45:00.000000Z,agent-20260726T130255Z-65de6a32|env=3|1986-07-19|h=13|m=45|step=03,3,34.125,1.4343047519276206,0.35887511162945895,1017.8278243492517,0.24012511162945901,17.0,26.0
2050,agent-20260726T130255Z-65de6a32,2026-07-26T13:26:18.116598Z,1986-07-19T14:00:00.000000Z,agent-20260726T130255Z-65de6a32|env=3|1986-07-19|h=13|m=60|step=04,3,34.4,1.2890945681641142,0.32335400566442624,1018.1511783549162,0.20460400566442627,17.0,26.0
2051,agent-20260726T130255Z-65de6a32,2026-07-26T13:26:18.233484Z,1986-07-19T14:15:00.000000Z,agent-20260726T130255Z-65de6a32|env=3|1986-07-19|h=14|m=15|step=01,3,34.55,1.4233204513468924,0.4256413781930219,1018.5768197331092,0.3068913781930219,17.0,26.0
2052,agent-20260726T130255Z-65de6a32,2026-07-26T13:26:32.437278Z,1986-07-19T14:30:00.000000Z,agent-20260726T130255Z-65de6a32|env=3|1986-07-19|h=14|m=30|step=02,3,34.7,1.4767345417406486,0.2710066281574041,1018.8478263612666,0.1522566281574041,17.0,27.0
2053,agent-20260726T130255Z-65de6a32,2026-07-26T13:26:32.558479Z,1986-07-19T14:45:00.000000Z,agent-20260726T130255Z-65de6a32|env=3|1986-07-19|h=14|m=45|step=03,3,34.85,1.5228460581771253,0.3807115145442813,1019.2285378758108,0.26196151454428135,17.0,27.0
2054,agent-20260726T130255Z-65de6a32,2026-07-26T13:26:32.672028Z,1986-07-19T15:00:00.000000Z,agent-20260726T130255Z-65de6a32|env=3|1986-07-19|h=14|m=60|step=04,3,35.0,1.1556541993993263,0.2966619376120456,1019.5251998134229,0.17791193761204563,17.0,27.0
2055,agent-20260726T130255Z-65de6a32,2026-07-26T13:26:32.784273Z,1986-07-19T15:15:00.000000Z,agent-20260726T130255Z-65de6a32|env=3|1986-07-19|h=15|m=15|step=01,3,34.725,0.8284836091365954,0.29601581492279544,1019.8212156283457,0.1772658149227955,17.0,27.0
2056,agent-20260726T130255Z-65de6a32,2026-07-26T13:26:47.528598Z,1986-07-19T15:30:00.000000Z,agent-20260726T130255Z-65de6a32|env=3|1986-07-19|h=15|m=30|step=02,3,34.45,0.9850739574960924,0.28130638612789166,1020.1025220144736,0.1625563861278917,17.0,27.0
2057,agent-20260726T130255Z-65de6a32,2026-07-26T13:26:47.685063Z,1986-07-19T15:45:00.000000Z,agent-20260726T130255Z-65de6a32|env=3|1986-07-19|h=15|m=45|step=03,3,34.175,1.3140178841422656,0.3578924755528824,1020.4604144900264,0.23914247555288237,17.0,27.0
2058,agent-20260726T130255Z-65de6a32,2026-07-26T13:26:47.792476Z,1986-07-19T16:00:00.000000Z,agent-20260726T130255Z-65de6a32|env=3|1986-07-19|h=15|m=60|step=04,3,33.9,1.3414657662475284,0.33536644156188206,1020.7957809315883,0.21661644156188206,17.0,27.0
2059,agent-20260726T130255Z-65de6a32,2026-07-26T13:26:47.903849Z,1986-07-19T16:15:00.000000Z,agent-20260726T130255Z-65de6a32|env=3|1986-07-19|h=16|m=15|step=01,3,33.625,1.1792333599856184,0.2949071650687186,1021.090688096657,0.17615716506871865,17.0,27.0
2060,agent-20260726T130255Z-65de6a32,2026-07-26T13:27:02.321314Z,1986-07-19T16:30:00.000000Z,agent-20260726T130255Z-65de6a32|env=3|1986-07-19|h=16|m=30|step=02,3,33.349999999999994,0.898815918500534,0.30303001956848946,1021.3937181162255,0.18428001956848952,17.0,27.0
2061,agent-20260726T130255Z-65de6a32,2026-07-26T13:27:02.467936Z,1986-07-19T16:45:00.000000Z,agent-20260726T130255Z-65de6a32|env=3|1986-07-19|h=16|m=45|step=03,3,33.074999999999996,0.8319207258614246,0.2372424751355153,1021.630960591361,0.11849247513551532,17.0,27.0
2062,agent-20260726T130255Z-65de6a32,2026-07-26T13:27:02.566324Z,1986-07-19T17:00:00.000000Z,agent-20260726T130255Z-65de6a32|env=3|1986-07-19|h=16|m=60|step=04,3,32.8,1.0594688880301149,0.29559165664943005,1021.9265522480105,0.1768416566494301,17.0,27.0
2063,agent-20260726T130255Z-65de6a32,2026-07-26T13:27:02.686585Z,1986-07-19T17:15:00.000000Z,agent-20260726T130255Z-65de6a32|env=3|1986-07-19|h=17|m=15|step=01,3,32.525,0.9309952004608437,0.23274880011521096,1022.1593010481257,0.11399880011521092,17.0,27.0
2064,agent-20260726T130255Z-65de6a32,2026-07-26T13:27:21.252321Z,1986-07-19T17:30:00.000000Z,agent-20260726T130255Z-65de6a32|env=3|1986-07-19|h=17|m=30|step=02,3,32.25,0.8881313330552223,0.22203283326380557,1022.3813338813895,0.10328283326380557,17.0,27.0
2065,agent-20260726T130255Z-65de6a32,2026-07-26T13:27:21.405468Z,1986-07-19T17:45:00.000000Z,agent-20260726T130255Z-65de6a32|env=3|1986-07-19|h=17|m=45|step=03,3,31.974999999999998,0.7774067184245907,0.1943516796061477,1022.5756855609957,0.07560167960614769,17.0,27.0
2066,agent-20260726T130255Z-65de6a32,2026-07-26T13:27:21.558850Z,1986-07-19T18:00:00.000000Z,agent-20260726T130255Z-65de6a32|env=3|1986-07-19|h=17|m=60|step=04,3,31.7,0.475,0.11875,1022.6944355609957,0.0,17.0,27.0
2067,agent-20260726T130255Z-65de6a32,2026-07-26T13:27:21.702372Z,1986-07-19T18:15:00.000000Z,agent-20260726T130255Z-65de6a32|env=3|1986-07-19|h=18|m=15|step=01,3,31.424999999999997,0.475,0.1587407968456465,1022.8531763578413,0.03999079684564647,17.0,27.0
2068,agent-20260726T130255Z-65de6a32,2026-07-26T13:27:36.265440Z,1986-07-19T18:30:00.000000Z,agent-20260726T130255Z-65de6a32|env=3|1986-07-19|h=18|m=30|step=02,3,31.15,0.475,0.11875,1022.9719263578413,0.0,17.0,27.0
2069,agent-20260726T130255Z-65de6a32,2026-07-26T13:27:36.389312Z,1986-07-19T18:45:00.000000Z,agent-20260726T130255Z-65de6a32|env=3|1986-07-19|h=18|m=45|step=03,3,30.875000000000004,0.5099804982458529,0.12749512456146322,1023.0994214824028,0.008745124561463233,17.0,27.0
2070,agent-20260726T130255Z-65de6a32,2026-07-26T13:27:36.497673Z,1986-07-19T19:00:00.000000Z,agent-20260726T130255Z-65de6a32|env=3|1986-07-19|h=18|m=60|step=04,3,30.6,0.4942743237592292,0.1235685809398073,1023.2229900633426,0.0048185809398073026,17.0,27.0
2071,agent-20260726T130255Z-65de6a32,2026-07-26T13:27:36.620224Z,1986-07-19T19:15:00.000000Z,agent-20260726T130255Z-65de6a32|env=3|1986-07-19|h=19|m=15|step=01,3,29.35,0.475,0.11875,1023.3417400633426,0.0,17.0,27.0
2072,agent-20260726T130255Z-65de6a32,2026-07-26T13:27:51.235706Z,1986-07-19T19:30:00.000000Z,agent-20260726T130255Z-65de6a32|env=3|1986-07-19|h=19|m=30|step=02,3,28.1,0.475,0.11875,1023.4604900633426,0.0,17.0,27.0
2073,agent-20260726T130255Z-65de6a32,2026-07-26T13:27:51.369926Z,1986-07-19T19:45:00.000000Z,agent-20260726T130255Z-65de6a32|env=3|1986-07-19|h=19|m=45|step=03,3,26.85,0.475,0.11875,1023.5792400633426,0.0,17.0,27.0
2074,agent-20260726T130255Z-65de6a32,2026-07-26T13:27:51.497076Z,1986-07-19T20:00:00.000000Z,agent-20260726T130255Z-65de6a32|env=3|1986-07-19|h=19|m=60|step=04,3,25.6,0.475,0.11875,1023.6979900633426,0.0,17.0,27.0
2075,agent-20260726T130255Z-65de6a32,2026-07-26T13:27:51.623000Z,1986-07-19T20:15:00.000000Z,agent-20260726T130255Z-65de6a32|env=3|1986-07-19|h=20|m=15|step=01,3,25.450000000000003,0.475,0.11875,1023.8167400633425,0.0,17.0,27.0
2076,agent-20260726T130255Z-65de6a32,2026-07-26T13:28:05.834080Z,1986-07-19T20:30:00.000000Z,agent-20260726T130255Z-65de6a32|env=3|1986-07-19|h=20|m=30|step=02,3,25.3,0.475,0.11875,1023.9354900633425,0.0,17.0,27.0
2077,agent-20260726T130255Z-65de6a32,2026-07-26T13:28:05.965922Z,1986-07-19T20:45:00.000000Z,agent-20260726T130255Z-65de6a32|env=3|1986-07-19|h=20|m=45|step=03,3,25.15,0.475,0.11875,1024.0542400633426,0.0,17.0,27.0
2078,agent-20260726T130255Z-65de6a32,2026-07-26T13:28:06.078803Z,1986-07-19T21:00:00.000000Z,agent-20260726T130255Z-65de6a32|env=3|1986-07-19|h=20|m=60|step=04,3,25.0,0.475,0.11875,1024.1729900633427,0.0,17.0,27.0
2079,agent-20260726T130255Z-65de6a32,2026-07-26T13:28:06.211065Z,1986-07-19T21:15:00.000000Z,agent-20260726T130255Z-65de6a32|env=3|1986-07-19|h=21|m=15|step=01,3,24.85,0.475,0.11875,1024.2917400633428,0.0,17.0,27.0
2080,agent-20260726T130255Z-65de6a32,2026-07-26T13:28:20.657357Z,1986-07-19T21:30:00.000000Z,agent-20260726T130255Z-65de6a32|env=3|1986-07-19|h=21|m=30|step=02,3,24.7,0.475,0.11875,1024.4104900633429,0.0,17.0,27.0
2081,agent-20260726T130255Z-65de6a32,2026-07-26T13:28:20.799430Z,1986-07-19T21:45:00.000000Z,agent-20260726T130255Z-65de6a32|env=3|1986-07-19|h=21|m=45|step=03,3,24.549999999999997,0.475,0.11875,1024.529240063343,0.0,17.0,27.0
2082,agent-20260726T130255Z-65de6a32,2026-07-26T13:28:20.922104Z,1986-07-19T22:00:00.000000Z,agent-20260726T130255Z-65de6a32|env=3|1986-07-19|h=21|m=60|step=04,3,24.4,0.475,0.11875,1024.647990063343,0.0,17.0,27.0
2083,agent-20260726T130255Z-65de6a32,2026-07-26T13:28:21.044984Z,1986-07-19T22:15:00.000000Z,agent-20260726T130255Z-65de6a32|env=3|1986-07-19|h=22|m=15|step=01,3,24.4,0.475,0.11875,1024.7667400633431,0.0,17.0,27.0
2084,agent-20260726T130255Z-65de6a32,2026-07-26T13:28:35.231880Z,1986-07-19T22:30:00.000000Z,agent-20260726T130255Z-65de6a32|env=3|1986-07-19|h=22|m=30|step=02,3,24.4,0.475,0.11875,1024.8854900633432,0.0,17.0,27.0
2085,agent-20260726T130255Z-65de6a32,2026-07-26T13:28:35.379362Z,1986-07-19T22:45:00.000000Z,agent-20260726T130255Z-65de6a32|env=3|1986-07-19|h=22|m=45|step=03,3,24.4,0.475,0.11875,1025.0042400633433,0.0,17.0,27.0
2086,agent-20260726T130255Z-65de6a32,2026-07-26T13:28:35.521583Z,1986-07-19T23:00:00.000000Z,agent-20260726T130255Z-65de6a32|env=3|1986-07-19|h=22|m=60|step=04,3,24.4,0.475,0.11875,1025.1229900633434,0.0,17.0,27.0
2087,agent-20260726T130255Z-65de6a32,2026-07-26T13:28:35.642773Z,1986-07-19T23:15:00.000000Z,agent-20260726T130255Z-65de6a32|env=3|1986-07-19|h=23|m=15|step=01,3,24.549999999999997,0.475,0.11875,1025.2417400633435,0.0,17.0,27.0
2088,agent-20260726T130255Z-65de6a32,2026-07-26T13:28:36.615012Z,1986-07-19T23:30:00.000000Z,agent-20260726T130255Z-65de6a32|env=3|1986-07-19|h=23|m=30|step=02,3,24.7,0.475,0.11875,1025.3604900633436,0.0,17.0,27.0
2089,agent-20260726T130255Z-65de6a32,2026-07-26T13:28:36.725395Z,1986-07-19T23:45:00.000000Z,agent-20260726T130255Z-65de6a32|env=3|1986-07-19|h=23|m=45|step=03,3,24.85,0.475,0.11875,1025.4792400633437,0.0,17.0,27.0
2090,agent-20260726T130255Z-65de6a32,2026-07-26T13:28:36.860666Z,1986-07-20T00:00:00.000000Z,agent-20260726T130255Z-65de6a32|env=3|1986-07-19|h=23|m=60|step=04,3,25.0,0.475,0.11875,1025.5979900633438,0.0,17.0,27.0
2091,agent-20260726T130255Z-65de6a32,2026-07-26T13:28:36.990827Z,1986-07-20T00:15:00.000000Z,agent-20260726T130255Z-65de6a32|env=3|1986-07-20|h=00|m=15|step=01,3,24.85,0.475,0.11875,1025.7167400633439,0.0,17.0,27.0
2092,agent-20260726T130255Z-65de6a32,2026-07-26T13:28:51.297643Z,1986-07-20T00:30:00.000000Z,agent-20260726T130255Z-65de6a32|env=3|1986-07-20|h=00|m=30|step=02,3,24.7,0.475,0.11875,1025.835490063344,0.0,17.0,27.0
2093,agent-20260726T130255Z-65de6a32,2026-07-26T13:28:51.427124Z,1986-07-20T00:45:00.000000Z,agent-20260726T130255Z-65de6a32|env=3|1986-07-20|h=00|m=45|step=03,3,24.549999999999997,0.475,0.11875,1025.954240063344,0.0,17.0,27.0
2094,agent-20260726T130255Z-65de6a32,2026-07-26T13:28:51.540156Z,1986-07-20T01:00:00.000000Z,agent-20260726T130255Z-65de6a32|env=3|1986-07-20|h=00|m=60|step=04,3,24.4,0.475,0.11875,1026.0729900633442,0.0,17.0,27.0
2095,agent-20260726T130255Z-65de6a32,2026-07-26T13:28:51.670909Z,1986-07-20T01:15:00.000000Z,agent-20260726T130255Z-65de6a32|env=3|1986-07-20|h=01|m=15|step=01,3,24.275,0.475,0.11875,1026.1917400633442,0.0,17.0,27.0
2096,agent-20260726T130255Z-65de6a32,2026-07-26T13:29:05.948796Z,1986-07-20T01:30:00.000000Z,agent-20260726T130255Z-65de6a32|env=3|1986-07-20|h=01|m=30|step=02,3,24.15,0.475,0.11875,1026.3104900633443,0.0,17.0,27.0
2097,agent-20260726T130255Z-65de6a32,2026-07-26T13:29:06.077981Z,1986-07-20T01:45:00.000000Z,agent-20260726T130255Z-65de6a32|env=3|1986-07-20|h=01|m=45|step=03,3,24.025,0.475,0.11875,1026.4292400633444,0.0,17.0,27.0
2098,agent-20260726T130255Z-65de6a32,2026-07-26T13:29:06.191073Z,1986-07-20T02:00:00.000000Z,agent-20260726T130255Z-65de6a32|env=3|1986-07-20|h=01|m=60|step=04,3,23.9,0.475,0.11875,1026.5479900633445,0.0,17.0,27.0
2099,agent-20260726T130255Z-65de6a32,2026-07-26T13:29:06.301300Z,1986-07-20T02:15:00.000000Z,agent-20260726T130255Z-65de6a32|env=3|1986-07-20|h=02|m=15|step=01,3,23.749999999999996,0.475,0.11875,1026.6667400633446,0.0,17.0,27.0
2100,agent-20260726T130255Z-65de6a32,2026-07-26T13:29:20.657970Z,1986-07-20T02:30:00.000000Z,agent-20260726T130255Z-65de6a32|env=3|1986-07-20|h=02|m=30|step=02,3,23.6,0.475,0.11875,1026.7854900633447,0.0,17.0,27.0
2101,agent-20260726T130255Z-65de6a32,2026-07-26T13:29:20.810992Z,1986-07-20T02:45:00.000000Z,agent-20260726T130255Z-65de6a32|env=3|1986-07-20|h=02|m=45|step=03,3,23.450000000000003,0.475,0.11875,1026.9042400633448,0.0,17.0,27.0
2102,agent-20260726T130255Z-65de6a32,2026-07-26T13:29:20.942868Z,1986-07-20T03:00:00.000000Z,agent-20260726T130255Z-65de6a32|env=3|1986-07-20|h=02|m=60|step=04,3,23.3,0.475,0.11875,1027.0229900633449,0.0,17.0,27.0
2103,agent-20260726T130255Z-65de6a32,2026-07-26T13:29:21.065322Z,1986-07-20T03:15:00.000000Z,agent-20260726T130255Z-65de6a32|env=3|1986-07-20|h=03|m=15|step=01,3,23.175,0.475,0.11875,1027.141740063345,0.0,17.0,27.0
2104,agent-20260726T130255Z-65de6a32,2026-07-26T13:29:35.472638Z,1986-07-20T03:30:00.000000Z,agent-20260726T130255Z-65de6a32|env=3|1986-07-20|h=03|m=30|step=02,3,23.05,0.475,0.11875,1027.260490063345,0.0,17.0,27.0
2105,agent-20260726T130255Z-65de6a32,2026-07-26T13:29:35.604784Z,1986-07-20T03:45:00.000000Z,agent-20260726T130255Z-65de6a32|env=3|1986-07-20|h=03|m=45|step=03,3,22.925,0.475,0.11875,1027.3792400633452,0.0,17.0,27.0
2106,agent-20260726T130255Z-65de6a32,2026-07-26T13:29:35.720237Z,1986-07-20T04:00:00.000000Z,agent-20260726T130255Z-65de6a32|env=3|1986-07-20|h=03|m=60|step=04,3,22.8,0.475,0.11875,1027.4979900633452,0.0,17.0,27.0
2107,agent-20260726T130255Z-65de6a32,2026-07-26T13:29:35.850554Z,1986-07-20T04:15:00.000000Z,agent-20260726T130255Z-65de6a32|env=3|1986-07-20|h=04|m=15|step=01,3,22.650000000000002,0.475,0.11875,1027.6167400633453,0.0,17.0,27.0
2108,agent-20260726T130255Z-65de6a32,2026-07-26T13:29:50.131757Z,1986-07-20T04:30:00.000000Z,agent-20260726T130255Z-65de6a32|env=3|1986-07-20|h=04|m=30|step=02,3,22.5,0.475,0.11875,1027.7354900633454,0.0,17.0,27.0
2109,agent-20260726T130255Z-65de6a32,2026-07-26T13:29:50.284598Z,1986-07-20T04:45:00.000000Z,agent-20260726T130255Z-65de6a32|env=3|1986-07-20|h=04|m=45|step=03,3,22.349999999999998,0.475,0.11875,1027.8542400633455,0.0,17.0,27.0
2110,agent-20260726T130255Z-65de6a32,2026-07-26T13:29:50.407565Z,1986-07-20T05:00:00.000000Z,agent-20260726T130255Z-65de6a32|env=3|1986-07-20|h=04|m=60|step=04,3,22.2,0.475,0.11875,1027.9729900633456,0.0,17.0,27.0
2111,agent-20260726T130255Z-65de6a32,2026-07-26T13:29:50.519721Z,1986-07-20T05:15:00.000000Z,agent-20260726T130255Z-65de6a32|env=3|1986-07-20|h=05|m=15|step=01,3,22.349999999999998,0.475,0.11875,1028.0917400633457,0.0,17.0,27.0
2112,agent-20260726T130255Z-65de6a32,2026-07-26T13:29:51.409117Z,1986-07-20T05:30:00.000000Z,agent-20260726T130255Z-65de6a32|env=3|1986-07-20|h=05|m=30|step=02,3,22.5,0.475,0.11875,1028.2104900633458,0.0,17.0,27.0
2113,agent-20260726T130255Z-65de6a32,2026-07-26T13:29:51.551147Z,1986-07-20T05:45:00.000000Z,agent-20260726T130255Z-65de6a32|env=3|1986-07-20|h=05|m=45|step=03,3,22.650000000000002,0.475,0.11875,1028.3292400633459,0.0,17.0,27.0
2114,agent-20260726T130255Z-65de6a32,2026-07-26T13:29:51.684155Z,1986-07-20T06:00:00.000000Z,agent-20260726T130255Z-65de6a32|env=3|1986-07-20|h=05|m=60|step=04,3,22.8,0.475,0.11875,1028.447990063346,0.0,17.0,27.0
2115,agent-20260726T130255Z-65de6a32,2026-07-26T13:29:51.796912Z,1986-07-20T06:15:00.000000Z,agent-20260726T130255Z-65de6a32|env=3|1986-07-20|h=06|m=15|step=01,3,23.075000000000003,0.475,0.11875,1028.566740063346,0.0,17.0,27.0
2116,agent-20260726T130255Z-65de6a32,2026-07-26T13:30:06.470502Z,1986-07-20T06:30:00.000000Z,agent-20260726T130255Z-65de6a32|env=3|1986-07-20|h=06|m=30|step=02,3,23.35,0.475,0.11875,1028.6854900633462,0.0,17.0,27.0
2117,agent-20260726T130255Z-65de6a32,2026-07-26T13:30:06.612995Z,1986-07-20T06:45:00.000000Z,agent-20260726T130255Z-65de6a32|env=3|1986-07-20|h=06|m=45|step=03,3,23.624999999999996,0.475,0.11875,1028.8042400633462,0.0,17.0,27.0
2118,agent-20260726T130255Z-65de6a32,2026-07-26T13:30:06.755214Z,1986-07-20T07:00:00.000000Z,agent-20260726T130255Z-65de6a32|env=3|1986-07-20|h=06|m=60|step=04,3,23.9,0.475,0.11875,1028.9229900633463,0.0,17.0,27.0
2119,agent-20260726T130255Z-65de6a32,2026-07-26T13:30:06.879324Z,1986-07-20T07:15:00.000000Z,agent-20260726T130255Z-65de6a32|env=3|1986-07-20|h=07|m=15|step=01,3,24.324999999999996,0.475,0.11875,1029.0417400633464,0.0,17.0,27.0
2120,agent-20260726T130255Z-65de6a32,2026-07-26T13:30:21.269255Z,1986-07-20T07:30:00.000000Z,agent-20260726T130255Z-65de6a32|env=3|1986-07-20|h=07|m=30|step=02,3,24.75,0.6694693606814756,0.14305867008518444,1029.1847987334315,0.02430867008518445,17.0,27.0
2121,agent-20260726T130255Z-65de6a32,2026-07-26T13:30:21.414391Z,1986-07-20T07:45:00.000000Z,agent-20260726T130255Z-65de6a32|env=3|1986-07-20|h=07|m=45|step=03,3,25.175000000000004,0.6592635551923643,0.16481588879809111,1029.3496146222296,0.04606588879809109,17.0,27.0
2122,agent-20260726T130255Z-65de6a32,2026-07-26T13:30:21.535180Z,1986-07-20T08:00:00.000000Z,agent-20260726T130255Z-65de6a32|env=3|1986-07-20|h=07|m=60|step=04,3,25.6,0.6715258892859811,0.16788147232149528,1029.5174960945512,0.04913147232149527,17.0,27.0
2123,agent-20260726T130255Z-65de6a32,2026-07-26T13:30:21.642992Z,1986-07-20T08:15:00.000000Z,agent-20260726T130255Z-65de6a32|env=3|1986-07-20|h=08|m=15|step=01,3,25.875000000000004,0.9316250076071461,0.23290625190178652,1029.750402346453,0.11415625190178652,17.0,27.0
2124,agent-20260726T130255Z-65de6a32,2026-07-26T13:30:36.231444Z,1986-07-20T08:30:00.000000Z,agent-20260726T130255Z-65de6a32|env=3|1986-07-20|h=08|m=30|step=02,3,26.15,0.5849915284702054,0.14569273868759655,1029.8960950851406,0.026942738687596526,17.0,27.0
2125,agent-20260726T130255Z-65de6a32,2026-07-26T13:30:36.353565Z,1986-07-20T08:45:00.000000Z,agent-20260726T130255Z-65de6a32|env=3|1986-07-20|h=08|m=45|step=03,3,26.424999999999997,0.8993536962130114,0.23571660834531824,1030.1318116934858,0.11696660834531823,17.0,27.0
2126,agent-20260726T130255Z-65de6a32,2026-07-26T13:30:36.482379Z,1986-07-20T09:00:00.000000Z,agent-20260726T130255Z-65de6a32|env=3|1986-07-20|h=08|m=60|step=04,3,26.7,0.8221169906913186,0.20552924767282965,1030.3373409411586,0.08677924767282966,17.0,27.0
2127,agent-20260726T130255Z-65de6a32,2026-07-26T13:30:36.603259Z,1986-07-20T09:15:00.000000Z,agent-20260726T130255Z-65de6a32|env=3|1986-07-20|h=09|m=15|step=01,3,26.974999999999998,0.8521431967147455,0.21377030721854404,1030.551111248377,0.09502030721854403,17.0,27.0
2128,agent-20260726T130255Z-65de6a32,2026-07-26T13:30:51.569859Z,1986-07-20T09:30:00.000000Z,agent-20260726T130255Z-65de6a32|env=3|1986-07-20|h=09|m=30|step=02,3,27.25,0.851667258734629,0.24348565356938748,1030.7945969019465,0.12473565356938747,17.0,27.0
2129,agent-20260726T130255Z-65de6a32,2026-07-26T13:30:51.726189Z,1986-07-20T09:45:00.000000Z,agent-20260726T130255Z-65de6a32|env=3|1986-07-20|h=09|m=45|step=03,3,27.525000000000002,0.5335819577884622,0.13171944296662708,1030.9263163449132,0.012969442966627089,17.0,27.0
2130,agent-20260726T130255Z-65de6a32,2026-07-26T13:30:51.843280Z,1986-07-20T10:00:00.000000Z,agent-20260726T130255Z-65de6a32|env=3|1986-07-20|h=09|m=60|step=04,3,27.8,0.7831610384535453,0.23056940256176778,1031.156885747475,0.1118194025617678,17.0,27.0
2131,agent-20260726T130255Z-65de6a32,2026-07-26T13:30:51.984560Z,1986-07-20T10:15:00.000000Z,agent-20260726T130255Z-65de6a32|env=3|1986-07-20|h=10|m=15|step=01,3,28.075000000000003,0.9651039608784543,0.22585274762083676,1031.3827384950957,0.10710274762083678,17.0,27.0
2132,agent-20260726T130255Z-65de6a32,2026-07-26T13:31:06.991378Z,1986-07-20T10:30:00.000000Z,agent-20260726T130255Z-65de6a32|env=3|1986-07-20|h=10|m=30|step=02,3,28.35,0.8445160105195404,0.2118133904471203,1031.5945518855428,0.09306339044712031,17.0,27.0
2133,agent-20260726T130255Z-65de6a32,2026-07-26T13:31:07.120747Z,1986-07-20T10:45:00.000000Z,agent-20260726T130255Z-65de6a32|env=3|1986-07-20|h=10|m=45|step=03,3,28.624999999999996,0.8197871149478,0.2280862929457175,1031.8226381784887,0.10933629294571749,17.0,27.0
2134,agent-20260726T130255Z-65de6a32,2026-07-26T13:31:07.246743Z,1986-07-20T11:00:00.000000Z,agent-20260726T130255Z-65de6a32|env=3|1986-07-20|h=10|m=60|step=04,3,28.9,0.5501210671768082,0.13680739183471563,1031.9594455703234,0.01805739183471562,17.0,27.0
2135,agent-20260726T130255Z-65de6a32,2026-07-26T13:31:07.376872Z,1986-07-20T11:15:00.000000Z,agent-20260726T130255Z-65de6a32|env=3|1986-07-20|h=11|m=15|step=01,3,28.9,0.7481187112673867,0.22027067950897106,1032.1797162498324,0.10152067950897103,17.0,27.0
2136,agent-20260726T130255Z-65de6a32,2026-07-26T13:31:22.187137Z,1986-07-20T11:30:00.000000Z,agent-20260726T130255Z-65de6a32|env=3|1986-07-20|h=11|m=30|step=02,3,28.9,0.9018728973319913,0.210031536088492,1032.389747785921,0.09128153608849202,17.0,27.0
2137,agent-20260726T130255Z-65de6a32,2026-07-26T13:31:22.330284Z,1986-07-20T11:45:00.000000Z,agent-20260726T130255Z-65de6a32|env=3|1986-07-20|h=11|m=45|step=03,3,28.9,0.7366357250438497,0.1842512333413826,1032.5739990192624,0.0655012333413826,17.0,27.0
2138,agent-20260726T130255Z-65de6a32,2026-07-26T13:31:22.440581Z,1986-07-20T12:00:00.000000Z,agent-20260726T130255Z-65de6a32|env=3|1986-07-20|h=11|m=60|step=04,3,28.9,0.7015339009828362,0.2100334964332957,1032.7840325156956,0.0912834964332957,17.0,27.0
2139,agent-20260726T130255Z-65de6a32,2026-07-26T13:31:22.577264Z,1986-07-20T12:15:00.000000Z,agent-20260726T130255Z-65de6a32|env=3|1986-07-20|h=12|m=15|step=01,3,28.9,0.610860174477426,0.15028164579210776,1032.9343141614877,0.03153164579210778,17.0,27.0
2140,agent-20260726T130255Z-65de6a32,2026-07-26T13:31:36.967482Z,1986-07-20T12:30:00.000000Z,agent-20260726T130255Z-65de6a32|env=3|1986-07-20|h=12|m=30|step=02,3,28.9,0.6950057560686831,0.1984865081673973,1033.1328006696551,0.0797365081673973,17.0,27.0
2141,agent-20260726T130255Z-65de6a32,2026-07-26T13:31:37.114457Z,1986-07-20T12:45:00.000000Z,agent-20260726T130255Z-65de6a32|env=3|1986-07-20|h=12|m=45|step=03,3,28.9,0.7968322655497404,0.1895109194813935,1033.3223115891365,0.07076091948139354,17.0,27.0
2142,agent-20260726T130255Z-65de6a32,2026-07-26T13:31:37.236182Z,1986-07-20T13:00:00.000000Z,agent-20260726T130255Z-65de6a32|env=3|1986-07-20|h=12|m=60|step=04,3,28.9,0.6564219991942121,0.1854054533364832,1033.507717042473,0.06665545333648322,17.0,27.0
2143,agent-20260726T130255Z-65de6a32,2026-07-26T13:31:37.368179Z,1986-07-20T13:15:00.000000Z,agent-20260726T130255Z-65de6a32|env=3|1986-07-20|h=13|m=15|step=01,3,29.025,0.8327034931534072,0.2081758732883518,1033.7158929157613,0.0894258732883518,17.0,27.0
2144,agent-20260726T130255Z-65de6a32,2026-07-26T13:31:52.148964Z,1986-07-20T13:30:00.000000Z,agent-20260726T130255Z-65de6a32|env=3|1986-07-20|h=13|m=30|step=02,3,29.15,0.727001790701895,0.19628792124793204,1033.9121808370091,0.07753792124793202,17.0,27.0
2145,agent-20260726T130255Z-65de6a32,2026-07-26T13:31:52.292015Z,1986-07-20T13:45:00.000000Z,agent-20260726T130255Z-65de6a32|env=3|1986-07-20|h=13|m=45|step=03,3,29.275,0.8258145730962865,0.24346011017092886,1034.15564094718,0.12471011017092883,17.0,27.0
2146,agent-20260726T130255Z-65de6a32,2026-07-26T13:31:52.424000Z,1986-07-20T14:00:00.000000Z,agent-20260726T130255Z-65de6a32|env=3|1986-07-20|h=13|m=60|step=04,3,29.4,0.80968146063781,0.2024203651594525,1034.3580613123395,0.08367036515945249,17.0,27.0
2147,agent-20260726T130255Z-65de6a32,2026-07-26T13:31:52.548861Z,1986-07-20T14:15:00.000000Z,agent-20260726T130255Z-65de6a32|env=3|1986-07-20|h=14|m=15|step=01,3,29.4,0.9929028714250595,0.24822571785626488,1034.6062870301957,0.12947571785626485,17.0,27.0
2148,agent-20260726T130255Z-65de6a32,2026-07-26T13:32:07.022949Z,1986-07-20T14:30:00.000000Z,agent-20260726T130255Z-65de6a32|env=3|1986-07-20|h=14|m=30|step=02,3,29.4,0.8668745478590013,0.21475122347837464,1034.821038253674,0.09600122347837464,17.0,27.0
2149,agent-20260726T130255Z-65de6a32,2026-07-26T13:32:07.151673Z,1986-07-20T14:45:00.000000Z,agent-20260726T130255Z-65de6a32|env=3|1986-07-20|h=14|m=45|step=03,3,29.4,0.9873813968648184,0.254218848724503,1035.0752571023986,0.13546884872450302,17.0,27.0
2150,agent-20260726T130255Z-65de6a32,2026-07-26T13:32:07.273286Z,1986-07-20T15:00:00.000000Z,agent-20260726T130255Z-65de6a32|env=3|1986-07-20|h=14|m=60|step=04,3,29.4,1.0740876886110318,0.282155915454732,1035.3574130178533,0.163405915454732,17.0,27.0
2151,agent-20260726T130255Z-65de6a32,2026-07-26T13:32:07.375657Z,1986-07-20T15:15:00.000000Z,agent-20260726T130255Z-65de6a32|env=3|1986-07-20|h=15|m=15|step=01,3,29.275,0.9698785038685925,0.24246962596714813,1035.5998826438206,0.12371962596714817,17.0,27.0
2152,agent-20260726T130255Z-65de6a32,2026-07-26T13:32:22.200930Z,1986-07-20T15:30:00.000000Z,agent-20260726T130255Z-65de6a32|env=3|1986-07-20|h=15|m=30|step=02,3,29.15,1.186429192577133,0.29660729814428327,1035.8964899419648,0.1778572981442833,17.0,27.0
2153,agent-20260726T130255Z-65de6a32,2026-07-26T13:32:22.322890Z,1986-07-20T15:45:00.000000Z,agent-20260726T130255Z-65de6a32|env=3|1986-07-20|h=15|m=45|step=03,3,29.025,0.7673611784985115,0.20522291202078075,1036.1017128539856,0.08647291202078072,17.0,27.0
2154,agent-20260726T130255Z-65de6a32,2026-07-26T13:32:22.444731Z,1986-07-20T16:00:00.000000Z,agent-20260726T130255Z-65de6a32|env=3|1986-07-20|h=15|m=60|step=04,3,28.9,0.9618241722811222,0.27332695246508865,1036.3750398064508,0.15457695246508862,17.0,27.0
2155,agent-20260726T130255Z-65de6a32,2026-07-26T13:32:22.576594Z,1986-07-20T16:15:00.000000Z,agent-20260726T130255Z-65de6a32|env=3|1986-07-20|h=16|m=15|step=01,3,28.474999999999998,1.0170774742102535,0.2542693685525634,1036.6293091750033,0.13551936855256339,17.0,27.0
2156,agent-20260726T130255Z-65de6a32,2026-07-26T13:32:36.825133Z,1986-07-20T16:30:00.000000Z,agent-20260726T130255Z-65de6a32|env=3|1986-07-20|h=16|m=30|step=02,3,28.049999999999997,0.9359587190117135,0.23398967975292836,1036.8632988547563,0.11523967975292837,17.0,27.0
2157,agent-20260726T130255Z-65de6a32,2026-07-26T13:32:36.948098Z,1986-07-20T16:45:00.000000Z,agent-20260726T130255Z-65de6a32|env=3|1986-07-20|h=16|m=45|step=03,3,27.625,1.0054762830991635,0.25136907077479087,1037.1146679255312,0.13261907077479088,17.0,27.0
2158,agent-20260726T130255Z-65de6a32,2026-07-26T13:32:37.062580Z,1986-07-20T17:00:00.000000Z,agent-20260726T130255Z-65de6a32|env=3|1986-07-20|h=16|m=60|step=04,3,27.2,0.5281874560938667,0.13157605980305653,1037.2462439853343,0.012826059803056527,17.0,27.0
2159,agent-20260726T130255Z-65de6a32,2026-07-26T13:32:37.173974Z,1986-07-20T17:15:00.000000Z,agent-20260726T130255Z-65de6a32|env=3|1986-07-20|h=17|m=15|step=01,3,27.075,0.6770992265808983,0.20221155288364479,1037.448455538218,0.08346155288364479,17.0,27.0
2160,agent-20260726T130255Z-65de6a32,2026-07-26T13:32:52.071486Z,1986-07-20T17:30:00.000000Z,agent-20260726T130255Z-65de6a32|env=3|1986-07-20|h=17|m=30|step=02,3,26.95,0.6224220552638536,0.1556055138159634,1037.604061052034,0.03685551381596341,17.0,27.0
2161,agent-20260726T130255Z-65de6a32,2026-07-26T13:32:52.201254Z,1986-07-20T17:45:00.000000Z,agent-20260726T130255Z-65de6a32|env=3|1986-07-20|h=17|m=45|step=03,3,26.825,0.7572981520028154,0.18932453800070384,1037.7933855900346,0.07057453800070386,17.0,27.0
2162,agent-20260726T130255Z-65de6a32,2026-07-26T13:32:52.309649Z,1986-07-20T18:00:00.000000Z,agent-20260726T130255Z-65de6a32|env=3|1986-07-20|h=17|m=60|step=04,3,26.7,0.6732206206282396,0.1683051551570599,1037.9616907451916,0.04955515515705992,17.0,27.0
2163,agent-20260726T130255Z-65de6a32,2026-07-26T13:32:52.433916Z,1986-07-20T18:15:00.000000Z,agent-20260726T130255Z-65de6a32|env=3|1986-07-20|h=18|m=15|step=01,3,26.275,0.475,0.11875,1038.0804407451917,0.0,17.0,27.0
2164,agent-20260726T130255Z-65de6a32,2026-07-26T13:33:06.881109Z,1986-07-20T18:30:00.000000Z,agent-20260726T130255Z-65de6a32|env=3|1986-07-20|h=18|m=30|step=02,3,25.85,0.475,0.15892414770346638,1038.239364892895,0.04017414770346641,17.0,27.0
2165,agent-20260726T130255Z-65de6a32,2026-07-26T13:33:07.042686Z,1986-07-20T18:45:00.000000Z,agent-20260726T130255Z-65de6a32|env=3|1986-07-20|h=18|m=45|step=03,3,25.425,0.475,0.11875,1038.3581148928952,0.0,17.0,27.0
2166,agent-20260726T130255Z-65de6a32,2026-07-26T13:33:07.145272Z,1986-07-20T19:00:00.000000Z,agent-20260726T130255Z-65de6a32|env=3|1986-07-20|h=18|m=60|step=04,3,25.0,0.5385660333646177,0.13464150834115443,1038.4927564012364,0.015891508341154433,17.0,27.0
2167,agent-20260726T130255Z-65de6a32,2026-07-26T13:33:07.268872Z,1986-07-20T19:15:00.000000Z,agent-20260726T130255Z-65de6a32|env=3|1986-07-20|h=19|m=15|step=01,3,24.725,0.4868521607908161,0.12171304019770404,1038.614469441434,0.0029630401977040377,17.0,27.0
2168,agent-20260726T130255Z-65de6a32,2026-07-26T13:33:21.996610Z,1986-07-20T19:30:00.000000Z,agent-20260726T130255Z-65de6a32|env=3|1986-07-20|h=19|m=30|step=02,3,24.45,0.475,0.11875,1038.7332194414341,0.0,17.0,27.0
2169,agent-20260726T130255Z-65de6a32,2026-07-26T13:33:22.128272Z,1986-07-20T19:45:00.000000Z,agent-20260726T130255Z-65de6a32|env=3|1986-07-20|h=19|m=45|step=03,3,24.174999999999997,0.475,0.11875,1038.8519694414342,0.0,17.0,27.0
2170,agent-20260726T130255Z-65de6a32,2026-07-26T13:33:22.240446Z,1986-07-20T20:00:00.000000Z,agent-20260726T130255Z-65de6a32|env=3|1986-07-20|h=19|m=60|step=04,3,23.9,0.475,0.11875,1038.9707194414343,0.0,17.0,27.0
2171,agent-20260726T130255Z-65de6a32,2026-07-26T13:33:22.342778Z,1986-07-20T20:15:00.000000Z,agent-20260726T130255Z-65de6a32|env=3|1986-07-20|h=20|m=15|step=01,3,23.474999999999998,0.475,0.11875,1039.0894694414344,0.0,17.0,27.0
2172,agent-20260726T130255Z-65de6a32,2026-07-26T13:33:36.435491Z,1986-07-20T20:30:00.000000Z,agent-20260726T130255Z-65de6a32|env=3|1986-07-20|h=20|m=30|step=02,3,23.049999999999997,0.475,0.11875,1039.2082194414345,0.0,17.0,27.0
2173,agent-20260726T130255Z-65de6a32,2026-07-26T13:33:36.553269Z,1986-07-20T20:45:00.000000Z,agent-20260726T130255Z-65de6a32|env=3|1986-07-20|h=20|m=45|step=03,3,22.625,0.475,0.11875,1039.3269694414346,0.0,17.0,27.0
2174,agent-20260726T130255Z-65de6a32,2026-07-26T13:33:36.666743Z,1986-07-20T21:00:00.000000Z,agent-20260726T130255Z-65de6a32|env=3|1986-07-20|h=20|m=60|step=04,3,22.2,0.475,0.11875,1039.4457194414347,0.0,17.0,27.0
2175,agent-20260726T130255Z-65de6a32,2026-07-26T13:33:36.774178Z,1986-07-20T21:15:00.000000Z,agent-20260726T130255Z-65de6a32|env=3|1986-07-20|h=21|m=15|step=01,3,21.799999999999997,0.475,0.11875,1039.5644694414348,0.0,17.0,27.0
2176,agent-20260726T130255Z-65de6a32,2026-07-26T13:33:51.027046Z,1986-07-20T21:30:00.000000Z,agent-20260726T130255Z-65de6a32|env=3|1986-07-20|h=21|m=30|step=02,3,21.4,0.475,0.11875,1039.6832194414349,0.0,17.0,27.0
2177,agent-20260726T130255Z-65de6a32,2026-07-26T13:33:51.163827Z,1986-07-20T21:45:00.000000Z,agent-20260726T130255Z-65de6a32|env=3|1986-07-20|h=21|m=45|step=03,3,21.0,0.475,0.11875,1039.801969441435,0.0,17.0,27.0
2178,agent-20260726T130255Z-65de6a32,2026-07-26T13:33:51.270659Z,1986-07-20T22:00:00.000000Z,agent-20260726T130255Z-65de6a32|env=3|1986-07-20|h=21|m=60|step=04,3,20.6,0.475,0.11875,1039.920719441435,0.0,17.0,27.0
2179,agent-20260726T130255Z-65de6a32,2026-07-26T13:33:51.383981Z,1986-07-20T22:15:00.000000Z,agent-20260726T130255Z-65de6a32|env=3|1986-07-20|h=22|m=15|step=01,3,20.450000000000003,0.475,0.11875,1040.0394694414351,0.0,17.0,27.0
2180,agent-20260726T130255Z-65de6a32,2026-07-26T13:34:05.644522Z,1986-07-20T22:30:00.000000Z,agent-20260726T130255Z-65de6a32|env=3|1986-07-20|h=22|m=30|step=02,3,20.3,0.475,0.11875,1040.1582194414352,0.0,17.0,27.0
2181,agent-20260726T130255Z-65de6a32,2026-07-26T13:34:05.759879Z,1986-07-20T22:45:00.000000Z,agent-20260726T130255Z-65de6a32|env=3|1986-07-20|h=22|m=45|step=03,3,20.15,0.475,0.11875,1040.2769694414353,0.0,17.0,27.0
2182,agent-20260726T130255Z-65de6a32,2026-07-26T13:34:05.867835Z,1986-07-20T23:00:00.000000Z,agent-20260726T130255Z-65de6a32|env=3|1986-07-20|h=22|m=60|step=04,3,20.0,0.475,0.11875,1040.3957194414354,0.0,17.0,27.0
2183,agent-20260726T130255Z-65de6a32,2026-07-26T13:34:05.985060Z,1986-07-20T23:15:00.000000Z,agent-20260726T130255Z-65de6a32|env=3|1986-07-20|h=23|m=15|step=01,3,20.0,0.475,0.11875,1040.5144694414355,0.0,17.0,27.0
2184,agent-20260726T130255Z-65de6a32,2026-07-26T13:34:20.254357Z,1986-07-20T23:30:00.000000Z,agent-20260726T130255Z-65de6a32|env=3|1986-07-20|h=23|m=30|step=02,3,20.0,0.475,0.11875,1040.6332194414356,0.0,17.0,27.0
2185,agent-20260726T130255Z-65de6a32,2026-07-26T13:34:20.369111Z,1986-07-20T23:45:00.000000Z,agent-20260726T130255Z-65de6a32|env=3|1986-07-20|h=23|m=45|step=03,3,20.0,0.475,0.11875,1040.7519694414357,0.0,17.0,27.0
2186,agent-20260726T130255Z-65de6a32,2026-07-26T13:34:20.486347Z,1986-07-21T00:00:00.000000Z,agent-20260726T130255Z-65de6a32|env=3|1986-07-20|h=23|m=60|step=04,3,20.0,0.475,0.11875,1040.8707194414358,0.0,17.0,27.0
2187,agent-20260726T130255Z-65de6a32,2026-07-26T13:34:20.592742Z,1986-07-21T00:15:00.000000Z,agent-20260726T130255Z-65de6a32|env=3|1986-07-21|h=00|m=15|step=01,3,19.85,0.475,0.11875,1040.9894694414359,0.0,17.0,27.0
2188,agent-20260726T130255Z-65de6a32,2026-07-26T13:34:34.720729Z,1986-07-21T00:30:00.000000Z,agent-20260726T130255Z-65de6a32|env=3|1986-07-21|h=00|m=30|step=02,3,19.7,0.475,0.11875,1041.108219441436,0.0,17.0,27.0
2189,agent-20260726T130255Z-65de6a32,2026-07-26T13:34:34.844392Z,1986-07-21T00:45:00.000000Z,agent-20260726T130255Z-65de6a32|env=3|1986-07-21|h=00|m=45|step=03,3,19.549999999999997,0.475,0.11875,1041.226969441436,0.0,17.0,27.0
2190,agent-20260726T130255Z-65de6a32,2026-07-26T13:34:34.956764Z,1986-07-21T01:00:00.000000Z,agent-20260726T130255Z-65de6a32|env=3|1986-07-21|h=00|m=60|step=04,3,19.4,0.475,0.11875,1041.3457194414361,0.0,17.0,27.0
2191,agent-20260726T130255Z-65de6a32,2026-07-26T13:34:35.094908Z,1986-07-21T01:15:00.000000Z,agent-20260726T130255Z-65de6a32|env=3|1986-07-21|h=01|m=15|step=01,3,19.275,0.475,0.11875,1041.4644694414362,0.0,17.0,27.0
2192,agent-20260726T130255Z-65de6a32,2026-07-26T13:34:49.434544Z,1986-07-21T01:30:00.000000Z,agent-20260726T130255Z-65de6a32|env=3|1986-07-21|h=01|m=30|step=02,3,19.15,0.475,0.11875,1041.5832194414363,0.0,17.0,27.0
2193,agent-20260726T130255Z-65de6a32,2026-07-26T13:34:49.559933Z,1986-07-21T01:45:00.000000Z,agent-20260726T130255Z-65de6a32|env=3|1986-07-21|h=01|m=45|step=03,3,19.025,0.475,0.11875,1041.7019694414364,0.0,17.0,27.0
2194,agent-20260726T130255Z-65de6a32,2026-07-26T13:34:49.677743Z,1986-07-21T02:00:00.000000Z,agent-20260726T130255Z-65de6a32|env=3|1986-07-21|h=01|m=60|step=04,3,18.9,0.475,0.11875,1041.8207194414365,0.0,17.0,27.0
2195,agent-20260726T130255Z-65de6a32,2026-07-26T13:34:49.787155Z,1986-07-21T02:15:00.000000Z,agent-20260726T130255Z-65de6a32|env=3|1986-07-21|h=02|m=15|step=01,3,18.75,0.475,0.11875,1041.9394694414366,0.0,17.0,27.0
2196,agent-20260726T130255Z-65de6a32,2026-07-26T13:35:04.339737Z,1986-07-21T02:30:00.000000Z,agent-20260726T130255Z-65de6a32|env=3|1986-07-21|h=02|m=30|step=02,3,18.6,0.475,0.11875,1042.0582194414367,0.0,17.0,27.0
2197,agent-20260726T130255Z-65de6a32,2026-07-26T13:35:04.482637Z,1986-07-21T02:45:00.000000Z,agent-20260726T130255Z-65de6a32|env=3|1986-07-21|h=02|m=45|step=03,3,18.450000000000003,0.475,0.11875,1042.1769694414368,0.0,17.0,27.0
2198,agent-20260726T130255Z-65de6a32,2026-07-26T13:35:04.609721Z,1986-07-21T03:00:00.000000Z,agent-20260726T130255Z-65de6a32|env=3|1986-07-21|h=02|m=60|step=04,3,18.3,0.475,0.11875,1042.2957194414369,0.0,17.0,27.0
2199,agent-20260726T130255Z-65de6a32,2026-07-26T13:35:04.735167Z,1986-07-21T03:15:00.000000Z,agent-20260726T130255Z-65de6a32|env=3|1986-07-21|h=03|m=15|step=01,3,18.175,0.475,0.11875,1042.414469441437,0.0,17.0,27.0
2200,agent-20260726T130255Z-65de6a32,2026-07-26T13:35:19.203928Z,1986-07-21T03:30:00.000000Z,agent-20260726T130255Z-65de6a32|env=3|1986-07-21|h=03|m=30|step=02,3,18.05,0.475,0.11875,1042.533219441437,0.0,17.0,27.0
2201,agent-20260726T130255Z-65de6a32,2026-07-26T13:35:19.332149Z,1986-07-21T03:45:00.000000Z,agent-20260726T130255Z-65de6a32|env=3|1986-07-21|h=03|m=45|step=03,3,17.925,0.475,0.11875,1042.6519694414371,0.0,17.0,27.0
2202,agent-20260726T130255Z-65de6a32,2026-07-26T13:35:19.437637Z,1986-07-21T04:00:00.000000Z,agent-20260726T130255Z-65de6a32|env=3|1986-07-21|h=03|m=60|step=04,3,17.8,0.475,0.11875,1042.7707194414372,0.0,17.0,27.0
2203,agent-20260726T130255Z-65de6a32,2026-07-26T13:35:19.540622Z,1986-07-21T04:15:00.000000Z,agent-20260726T130255Z-65de6a32|env=3|1986-07-21|h=04|m=15|step=01,3,17.925,0.475,0.11875,1042.8894694414373,0.0,17.0,27.0
2204,agent-20260726T130255Z-65de6a32,2026-07-26T13:35:33.796686Z,1986-07-21T04:30:00.000000Z,agent-20260726T130255Z-65de6a32|env=3|1986-07-21|h=04|m=30|step=02,3,18.05,0.475,0.11875,1043.0082194414374,0.0,17.0,27.0
2205,agent-20260726T130255Z-65de6a32,2026-07-26T13:35:33.903393Z,1986-07-21T04:45:00.000000Z,agent-20260726T130255Z-65de6a32|env=3|1986-07-21|h=04|m=45|step=03,3,18.175,0.475,0.11875,1043.1269694414375,0.0,17.0,27.0
2206,agent-20260726T130255Z-65de6a32,2026-07-26T13:35:34.016853Z,1986-07-21T05:00:00.000000Z,agent-20260726T130255Z-65de6a32|env=3|1986-07-21|h=04|m=60|step=04,3,18.3,0.475,0.11875,1043.2457194414376,0.0,17.0,27.0
2207,agent-20260726T130255Z-65de6a32,2026-07-26T13:35:34.118951Z,1986-07-21T05:15:00.000000Z,agent-20260726T130255Z-65de6a32|env=3|1986-07-21|h=05|m=15|step=01,3,18.575000000000003,0.475,0.11875,1043.3644694414377,0.0,17.0,27.0
2208,agent-20260726T130255Z-65de6a32,2026-07-26T13:35:48.355294Z,1986-07-21T05:30:00.000000Z,agent-20260726T130255Z-65de6a32|env=3|1986-07-21|h=05|m=30|step=02,3,18.85,0.475,0.11875,1043.4832194414378,0.0,17.0,27.0
2209,agent-20260726T130255Z-65de6a32,2026-07-26T13:35:48.473713Z,1986-07-21T05:45:00.000000Z,agent-20260726T130255Z-65de6a32|env=3|1986-07-21|h=05|m=45|step=03,3,19.125,0.475,0.11875,1043.6019694414379,0.0,17.0,27.0
2210,agent-20260726T130255Z-65de6a32,2026-07-26T13:35:48.586417Z,1986-07-21T06:00:00.000000Z,agent-20260726T130255Z-65de6a32|env=3|1986-07-21|h=05|m=60|step=04,3,19.4,0.475,0.11875,1043.720719441438,0.0,17.0,27.0
2211,agent-20260726T130255Z-65de6a32,2026-07-26T13:35:48.719048Z,1986-07-21T06:15:00.000000Z,agent-20260726T130255Z-65de6a32|env=3|1986-07-21|h=06|m=15|step=01,3,19.974999999999998,0.475,0.11875,1043.839469441438,0.0,17.0,27.0
2212,agent-20260726T130255Z-65de6a32,2026-07-26T13:36:03.024193Z,1986-07-21T06:30:00.000000Z,agent-20260726T130255Z-65de6a32|env=3|1986-07-21|h=06|m=30|step=02,3,20.549999999999997,0.475,0.11875,1043.9582194414381,0.0,17.0,27.0
2213,agent-20260726T130255Z-65de6a32,2026-07-26T13:36:03.147562Z,1986-07-21T06:45:00.000000Z,agent-20260726T130255Z-65de6a32|env=3|1986-07-21|h=06|m=45|step=03,3,21.125,0.475,0.11875,1044.0769694414382,0.0,17.0,27.0
2214,agent-20260726T130255Z-65de6a32,2026-07-26T13:36:03.249973Z,1986-07-21T07:00:00.000000Z,agent-20260726T130255Z-65de6a32|env=3|1986-07-21|h=06|m=60|step=04,3,21.7,0.6497097473484348,0.13330914561236956,1044.2102785870507,0.014559145612369564,17.0,27.0
2215,agent-20260726T130255Z-65de6a32,2026-07-26T13:36:03.386601Z,1986-07-21T07:15:00.000000Z,agent-20260726T130255Z-65de6a32|env=3|1986-07-21|h=07|m=15|step=01,3,22.099999999999998,0.7165225683333644,0.1791306420833411,1044.389409229134,0.060380642083341096,17.0,27.0
2216,agent-20260726T130255Z-65de6a32,2026-07-26T13:36:18.337086Z,1986-07-21T07:30:00.000000Z,agent-20260726T130255Z-65de6a32|env=3|1986-07-21|h=07|m=30|step=02,3,22.5,0.7003416139422439,0.175085403485561,1044.5644946326195,0.05633540348556098,17.0,27.0
2217,agent-20260726T130255Z-65de6a32,2026-07-26T13:36:18.449792Z,1986-07-21T07:45:00.000000Z,agent-20260726T130255Z-65de6a32|env=3|1986-07-21|h=07|m=45|step=03,3,22.900000000000002,0.7844389397579883,0.19610973493949707,1044.760604367559,0.07735973493949704,17.0,27.0
2218,agent-20260726T130255Z-65de6a32,2026-07-26T13:36:18.562621Z,1986-07-21T08:00:00.000000Z,agent-20260726T130255Z-65de6a32|env=3|1986-07-21|h=07|m=60|step=04,3,23.3,0.8199601159897684,0.2049900289974421,1044.9655943965563,0.08624002899744208,17.0,27.0
2219,agent-20260726T130255Z-65de6a32,2026-07-26T13:36:18.670654Z,1986-07-21T08:15:00.000000Z,agent-20260726T130255Z-65de6a32|env=3|1986-07-21|h=08|m=15|step=01,3,23.575000000000003,9.898979318899341,2.472400073427726,1047.437994469984,0.2849000734277259,17.0,27.0
2220,agent-20260726T130255Z-65de6a32,2026-07-26T13:36:34.321628Z,1986-07-21T08:30:00.000000Z,agent-20260726T130255Z-65de6a32|env=3|1986-07-21|h=08|m=30|step=02,3,23.85,11.445184203407996,2.8698666520898035,1050.3078611220737,0.6823666520898035,19.0,26.0
2221,agent-20260726T130255Z-65de6a32,2026-07-26T13:36:34.439511Z,1986-07-21T08:45:00.000000Z,agent-20260726T130255Z-65de6a32|env=3|1986-07-21|h=08|m=45|step=03,3,24.124999999999996,11.933443484124812,2.9980002139198945,1053.3058613359935,0.8105002139198951,19.0,26.0
2222,agent-20260726T130255Z-65de6a32,2026-07-26T13:36:34.553583Z,1986-07-21T09:00:00.000000Z,agent-20260726T130255Z-65de6a32|env=3|1986-07-21|h=08|m=60|step=04,3,24.4,12.139716086761318,3.0336293277552073,1056.3394906637488,0.8461293277552074,19.0,26.0
2223,agent-20260726T130255Z-65de6a32,2026-07-26T13:36:34.667266Z,1986-07-21T09:15:00.000000Z,agent-20260726T130255Z-65de6a32|env=3|1986-07-21|h=09|m=15|step=01,3,24.824999999999996,16.199766892930896,4.051165023268521,1060.3906556870174,1.14491502326852,19.0,26.0
2224,agent-20260726T130255Z-65de6a32,2026-07-26T13:36:48.982064Z,1986-07-21T09:30:00.000000Z,agent-20260726T130255Z-65de6a32|env=3|1986-07-21|h=09|m=30|step=02,3,25.25,17.817527399332327,4.542014250652805,1064.9326699376702,1.6357642506528056,19.0,25.0
2225,agent-20260726T130255Z-65de6a32,2026-07-26T13:36:49.117990Z,1986-07-21T09:45:00.000000Z,agent-20260726T130255Z-65de6a32|env=3|1986-07-21|h=09|m=45|step=03,3,25.675000000000004,18.014757664539555,4.423804924101842,1069.356474861772,1.517554924101842,19.0,25.0
2226,agent-20260726T130255Z-65de6a32,2026-07-26T13:36:49.240304Z,1986-07-21T10:00:00.000000Z,agent-20260726T130255Z-65de6a32|env=3|1986-07-21|h=09|m=60|step=04,3,26.1,17.747879003456053,4.449043670160673,1073.8055185319326,1.542793670160673,19.0,25.0
2227,agent-20260726T130255Z-65de6a32,2026-07-26T13:36:49.369327Z,1986-07-21T10:15:00.000000Z,agent-20260726T130255Z-65de6a32|env=3|1986-07-21|h=10|m=15|step=01,3,26.1,18.105565414181793,4.533194648030365,1078.338713179963,1.5331946480303646,19.0,25.0
2228,agent-20260726T130255Z-65de6a32,2026-07-26T13:37:03.830341Z,1986-07-21T10:30:00.000000Z,agent-20260726T130255Z-65de6a32|env=3|1986-07-21|h=10|m=30|step=02,3,26.1,19.531121312443858,5.002912933952259,1083.3416261139153,2.0029129339522584,19.0,24.0
2229,agent-20260726T130255Z-65de6a32,2026-07-26T13:37:03.956461Z,1986-07-21T10:45:00.000000Z,agent-20260726T130255Z-65de6a32|env=3|1986-07-21|h=10|m=45|step=03,3,26.1,19.71478393447875,4.865243944273542,1088.2068700581888,1.8652439442735413,19.0,24.0
2230,agent-20260726T130255Z-65de6a32,2026-07-26T13:37:04.058511Z,1986-07-21T11:00:00.000000Z,agent-20260726T130255Z-65de6a32|env=3|1986-07-21|h=10|m=60|step=04,3,26.1,19.35056057211169,4.849469691273057,1093.0563397494618,1.8494696912730575,19.0,24.0
2231,agent-20260726T130255Z-65de6a32,2026-07-26T13:37:04.175042Z,1986-07-21T11:15:00.000000Z,agent-20260726T130255Z-65de6a32|env=3|1986-07-21|h=11|m=15|step=01,3,26.525000000000002,18.619563373662622,4.660966024227569,1097.7173057736893,1.7547160242275683,19.0,24.0
2232,agent-20260726T130255Z-65de6a32,2026-07-26T13:37:18.626873Z,1986-07-21T11:30:00.000000Z,agent-20260726T130255Z-65de6a32|env=3|1986-07-21|h=11|m=30|step=02,3,26.950000000000003,19.98522694625274,5.174373437943936,1102.8916792116333,2.268123437943937,19.0,23.0
2233,agent-20260726T130255Z-65de6a32,2026-07-26T13:37:18.762080Z,1986-07-21T11:45:00.000000Z,agent-20260726T130255Z-65de6a32|env=3|1986-07-21|h=11|m=45|step=03,3,27.375,20.552291140582515,5.098769945290724,1107.9904491569241,2.192519945290724,19.0,23.0
2234,agent-20260726T130255Z-65de6a32,2026-07-26T13:37:18.864593Z,1986-07-21T12:00:00.000000Z,agent-20260726T130255Z-65de6a32|env=3|1986-07-21|h=11|m=60|step=04,3,27.8,20.326954481390903,5.091737693515201,1113.0821868504393,2.185487693515201,19.0,23.0
2235,agent-20260726T130255Z-65de6a32,2026-07-26T13:37:18.973936Z,1986-07-21T12:15:00.000000Z,agent-20260726T130255Z-65de6a32|env=3|1986-07-21|h=12|m=15|step=01,3,27.8,18.272791839309576,4.573229277946818,1117.6554161283862,1.948229277946818,19.0,23.0
2236,agent-20260726T130255Z-65de6a32,2026-07-26T13:37:33.432791Z,1986-07-21T12:30:00.000000Z,agent-20260726T130255Z-65de6a32|env=3|1986-07-21|h=12|m=30|step=02,3,27.8,18.112137840768625,4.528034460192156,1122.1834505885784,1.903034460192156,19.0,23.0
2237,agent-20260726T130255Z-65de6a32,2026-07-26T13:37:33.545218Z,1986-07-21T12:45:00.000000Z,agent-20260726T130255Z-65de6a32|env=3|1986-07-21|h=12|m=45|step=03,3,27.8,17.990861288005295,4.497715322001324,1126.6811659105797,1.872715322001323,19.0,23.0
2238,agent-20260726T130255Z-65de6a32,2026-07-26T13:37:33.654334Z,1986-07-21T13:00:00.000000Z,agent-20260726T130255Z-65de6a32|env=3|1986-07-21|h=12|m=60|step=04,3,27.8,17.90061492705871,4.475153731764678,1131.1563196423444,1.8501537317646777,19.0,23.0
2239,agent-20260726T130255Z-65de6a32,2026-07-26T13:37:33.749427Z,1986-07-21T13:15:00.000000Z,agent-20260726T130255Z-65de6a32|env=3|1986-07-21|h=13|m=15|step=01,3,27.8,19.27133731586293,4.817834328965732,1135.9741539713102,2.0053343289657324,19.0,23.0
2240,agent-20260726T130255Z-65de6a32,2026-07-26T13:37:48.227630Z,1986-07-21T13:30:00.000000Z,agent-20260726T130255Z-65de6a32|env=3|1986-07-21|h=13|m=30|step=02,3,27.8,19.300769192030387,4.825192298007597,1140.7993462693178,2.0126922980075967,19.0,23.0
2241,agent-20260726T130255Z-65de6a32,2026-07-26T13:37:48.360038Z,1986-07-21T13:45:00.000000Z,agent-20260726T130255Z-65de6a32|env=3|1986-07-21|h=13|m=45|step=03,3,27.8,19.334858160780314,4.8337145401950785,1145.633060809513,2.021214540195078,19.0,23.0
2242,agent-20260726T130255Z-65de6a32,2026-07-26T13:37:48.483303Z,1986-07-21T14:00:00.000000Z,agent-20260726T130255Z-65de6a32|env=3|1986-07-21|h=13|m=60|step=04,3,27.8,19.370771519056085,4.842692879764022,1150.4757536892769,2.0301928797640207,19.0,23.0
2243,agent-20260726T130255Z-65de6a32,2026-07-26T13:37:48.602491Z,1986-07-21T14:15:00.000000Z,agent-20260726T130255Z-65de6a32|env=3|1986-07-21|h=14|m=15|step=01,3,27.25,19.66717943290034,4.916794858225084,1155.392548547502,2.041794858225084,19.0,23.0
2244,agent-20260726T130255Z-65de6a32,2026-07-26T13:38:03.008944Z,1986-07-21T14:30:00.000000Z,agent-20260726T130255Z-65de6a32|env=3|1986-07-21|h=14|m=30|step=02,3,26.700000000000003,19.509317156307993,4.8773292890769975,1160.2698778365789,2.002329289076998,19.0,23.0
2245,agent-20260726T130255Z-65de6a32,2026-07-26T13:38:03.121426Z,1986-07-21T14:45:00.000000Z,agent-20260726T130255Z-65de6a32|env=3|1986-07-21|h=14|m=45|step=03,3,26.150000000000002,19.31711477539758,4.829278693849396,1165.0991565304282,1.9542786938493957,19.0,23.0
2246,agent-20260726T130255Z-65de6a32,2026-07-26T13:38:03.237064Z,1986-07-21T15:00:00.000000Z,agent-20260726T130255Z-65de6a32|env=3|1986-07-21|h=14|m=60|step=04,3,25.6,19.099577778684885,4.774894444671221,1169.8740509750994,1.8998944446712216,19.0,23.0
2247,agent-20260726T130255Z-65de6a32,2026-07-26T13:38:03.333740Z,1986-07-21T15:15:00.000000Z,agent-20260726T130255Z-65de6a32|env=3|1986-07-21|h=15|m=15|step=01,3,25.450000000000003,18.350447339401963,4.587611834850491,1174.46166280995,1.8376118348504906,19.0,23.0
2248,agent-20260726T130255Z-65de6a32,2026-07-26T13:38:17.982129Z,1986-07-21T15:30:00.000000Z,agent-20260726T130255Z-65de6a32|env=3|1986-07-21|h=15|m=30|step=02,3,25.3,18.25547899382304,4.563869748455759,1179.0255325584058,1.81386974845576,19.0,23.0
2249,agent-20260726T130255Z-65de6a32,2026-07-26T13:38:18.098490Z,1986-07-21T15:45:00.000000Z,agent-20260726T130255Z-65de6a32|env=3|1986-07-21|h=15|m=45|step=03,3,25.15,18.12468363534644,4.53117090883661,1183.5567034672424,1.7811709088366097,19.0,23.0
2250,agent-20260726T130255Z-65de6a32,2026-07-26T13:38:18.209776Z,1986-07-21T16:00:00.000000Z,agent-20260726T130255Z-65de6a32|env=3|1986-07-21|h=15|m=60|step=04,3,25.0,17.972926121147545,4.493231530286886,1188.0499349975294,1.7432315302868866,19.0,23.0
2251,agent-20260726T130255Z-65de6a32,2026-07-26T13:38:18.321422Z,1986-07-21T16:15:00.000000Z,agent-20260726T130255Z-65de6a32|env=3|1986-07-21|h=16|m=15|step=01,3,24.3,16.53540411544475,4.133851028861187,1192.1837860263906,1.6338510288611872,19.0,23.0
2252,agent-20260726T130255Z-65de6a32,2026-07-26T13:38:32.753766Z,1986-07-21T16:30:00.000000Z,agent-20260726T130255Z-65de6a32|env=3|1986-07-21|h=16|m=30|step=02,3,23.6,16.39019501933663,4.0975487548341585,1196.2813347812248,1.597548754834158,19.0,23.0
2253,agent-20260726T130255Z-65de6a32,2026-07-26T13:38:32.868572Z,1986-07-21T16:45:00.000000Z,agent-20260726T130255Z-65de6a32|env=3|1986-07-21|h=16|m=45|step=03,3,22.9,16.30350626108347,4.0758765652708675,1200.3572113464957,1.5758765652708673,19.0,23.0
2254,agent-20260726T130255Z-65de6a32,2026-07-26T13:38:32.963341Z,1986-07-21T17:00:00.000000Z,agent-20260726T130255Z-65de6a32|env=3|1986-07-21|h=16|m=60|step=04,3,22.2,16.222406245408624,4.055601561352156,1204.4128129078479,1.5556015613521554,19.0,23.0
2255,agent-20260726T130255Z-65de6a32,2026-07-26T13:38:33.064330Z,1986-07-21T17:15:00.000000Z,agent-20260726T130255Z-65de6a32|env=3|1986-07-21|h=17|m=15|step=01,3,22.075,16.109234166737348,4.027308541684337,1208.4401214495322,1.5273085416843366,19.0,23.0
2256,agent-20260726T130255Z-65de6a32,2026-07-26T13:38:47.601216Z,1986-07-21T17:30:00.000000Z,agent-20260726T130255Z-65de6a32|env=3|1986-07-21|h=17|m=30|step=02,3,21.95,15.998180969243192,3.999545242310798,1212.439666691843,1.4995452423107978,19.0,23.0
2257,agent-20260726T130255Z-65de6a32,2026-07-26T13:38:47.740257Z,1986-07-21T17:45:00.000000Z,agent-20260726T130255Z-65de6a32|env=3|1986-07-21|h=17|m=45|step=03,3,21.825,15.909524308124277,3.9773810770310694,1216.4170477688742,1.477381077031069,19.0,23.0
2258,agent-20260726T130255Z-65de6a32,2026-07-26T13:38:47.846233Z,1986-07-21T18:00:00.000000Z,agent-20260726T130255Z-65de6a32|env=3|1986-07-21|h=17|m=60|step=04,3,21.7,15.833496821436052,3.958374205359013,1220.3754219742332,1.458374205359013,19.0,23.0
2259,agent-20260726T130255Z-65de6a32,2026-07-26T13:38:47.944205Z,1986-07-21T18:15:00.000000Z,agent-20260726T130255Z-65de6a32|env=3|1986-07-21|h=18|m=15|step=01,3,21.974999999999998,10.310614379453847,2.577653594863462,1222.9530755690967,1.0776535948634618,19.0,23.0
2260,agent-20260726T130255Z-65de6a32,2026-07-26T13:39:02.494153Z,1986-07-21T18:30:00.000000Z,agent-20260726T130255Z-65de6a32|env=3|1986-07-21|h=18|m=30|step=02,3,22.25,10.136435969295169,2.5341089923237923,1225.4871845614205,1.0341089923237927,19.0,23.0
2261,agent-20260726T130255Z-65de6a32,2026-07-26T13:39:02.638834Z,1986-07-21T18:45:00.000000Z,agent-20260726T130255Z-65de6a32|env=3|1986-07-21|h=18|m=45|step=03,3,22.525000000000002,9.986006653180107,2.4965016632950268,1227.9836862247155,0.996501663295027,19.0,23.0
2262,agent-20260726T130255Z-65de6a32,2026-07-26T13:39:02.775718Z,1986-07-21T19:00:00.000000Z,agent-20260726T130255Z-65de6a32|env=3|1986-07-21|h=18|m=60|step=04,3,22.8,9.814611228923566,2.4536528072308914,1230.4373390319463,0.9536528072308914,19.0,23.0
2263,agent-20260726T130255Z-65de6a32,2026-07-26T13:39:02.906682Z,1986-07-21T19:15:00.000000Z,agent-20260726T130255Z-65de6a32|env=3|1986-07-21|h=19|m=15|step=01,3,22.650000000000002,7.33884019873589,1.8347100496839728,1232.2720490816303,0.7097100496839724,19.0,23.0
2264,agent-20260726T130255Z-65de6a32,2026-07-26T13:39:17.344798Z,1986-07-21T19:30:00.000000Z,agent-20260726T130255Z-65de6a32|env=3|1986-07-21|h=19|m=30|step=02,3,22.5,7.076564735385617,1.769141183846404,1234.0411902654766,0.6441411838464043,19.0,23.0
2265,agent-20260726T130255Z-65de6a32,2026-07-26T13:39:17.472230Z,1986-07-21T19:45:00.000000Z,agent-20260726T130255Z-65de6a32|env=3|1986-07-21|h=19|m=45|step=03,3,22.349999999999998,6.888732416126594,1.7221831040316484,1235.7633733695084,0.5971831040316484,19.0,23.0
2266,agent-20260726T130255Z-65de6a32,2026-07-26T13:39:17.586032Z,1986-07-21T20:00:00.000000Z,agent-20260726T130255Z-65de6a32|env=3|1986-07-21|h=19|m=60|step=04,3,22.2,6.736202918632867,1.684050729658217,1237.4474240991665,0.5590507296582168,19.0,23.0
2267,agent-20260726T130255Z-65de6a32,2026-07-26T13:39:17.689928Z,1986-07-21T20:15:00.000000Z,agent-20260726T130255Z-65de6a32|env=3|1986-07-21|h=20|m=15|step=01,3,22.075,6.628898973235145,1.6572247433087863,1239.1046488424752,0.5322247433087866,19.0,23.0
2268,agent-20260726T130255Z-65de6a32,2026-07-26T13:39:31.949480Z,1986-07-21T20:30:00.000000Z,agent-20260726T130255Z-65de6a32|env=3|1986-07-21|h=20|m=30|step=02,3,21.95,6.537871514083552,1.634467878520888,1240.739116720996,0.509467878520888,19.0,23.0
2269,agent-20260726T130255Z-65de6a32,2026-07-26T13:39:32.063140Z,1986-07-21T20:45:00.000000Z,agent-20260726T130255Z-65de6a32|env=3|1986-07-21|h=20|m=45|step=03,3,21.825,6.459422397422616,1.614855599355654,1242.3539723203517,0.4898555993556541,19.0,23.0
2270,agent-20260726T130255Z-65de6a32,2026-07-26T13:39:32.169093Z,1986-07-21T21:00:00.000000Z,agent-20260726T130255Z-65de6a32|env=3|1986-07-21|h=20|m=60|step=04,3,21.7,6.39058945254685,1.5976473631367125,1243.9516196834884,0.47264736313671246,19.0,23.0
2271,agent-20260726T130255Z-65de6a32,2026-07-26T13:39:32.270349Z,1986-07-21T21:15:00.000000Z,agent-20260726T130255Z-65de6a32|env=3|1986-07-21|h=21|m=15|step=01,3,21.7,1.9773772755721077,0.30654715944651345,1244.258166842935,0.18779715944651346,19.0,23.0
2272,agent-20260726T130255Z-65de6a32,2026-07-26T13:39:46.799172Z,1986-07-21T21:30:00.000000Z,agent-20260726T130255Z-65de6a32|env=3|1986-07-21|h=21|m=30|step=02,3,21.7,0.475,0.11875,1244.376916842935,0.0,19.0,24.0
2273,agent-20260726T130255Z-65de6a32,2026-07-26T13:39:46.910790Z,1986-07-21T21:45:00.000000Z,agent-20260726T130255Z-65de6a32|env=3|1986-07-21|h=21|m=45|step=03,3,21.7,0.475,0.11875,1244.4956668429352,0.0,19.0,24.0
2274,agent-20260726T130255Z-65de6a32,2026-07-26T13:39:47.030035Z,1986-07-21T22:00:00.000000Z,agent-20260726T130255Z-65de6a32|env=3|1986-07-21|h=21|m=60|step=04,3,21.7,0.475,0.11875,1244.6144168429353,0.0,19.0,24.0
2275,agent-20260726T130255Z-65de6a32,2026-07-26T13:39:47.185707Z,1986-07-21T22:15:00.000000Z,agent-20260726T130255Z-65de6a32|env=3|1986-07-21|h=22|m=15|step=01,3,21.7,0.475,0.11875,1244.7331668429354,0.0,19.0,24.0
2276,agent-20260726T130255Z-65de6a32,2026-07-26T13:40:01.970064Z,1986-07-21T22:30:00.000000Z,agent-20260726T130255Z-65de6a32|env=3|1986-07-21|h=22|m=30|step=02,3,21.7,0.475,0.11875,1244.8519168429355,0.0,19.0,24.0
2277,agent-20260726T130255Z-65de6a32,2026-07-26T13:40:02.085408Z,1986-07-21T22:45:00.000000Z,agent-20260726T130255Z-65de6a32|env=3|1986-07-21|h=22|m=45|step=03,3,21.7,0.475,0.11875,1244.9706668429355,0.0,19.0,24.0
2278,agent-20260726T130255Z-65de6a32,2026-07-26T13:40:02.191649Z,1986-07-21T23:00:00.000000Z,agent-20260726T130255Z-65de6a32|env=3|1986-07-21|h=22|m=60|step=04,3,21.7,0.475,0.11875,1245.0894168429356,0.0,19.0,24.0
2279,agent-20260726T130255Z-65de6a32,2026-07-26T13:40:02.294514Z,1986-07-21T23:15:00.000000Z,agent-20260726T130255Z-65de6a32|env=3|1986-07-21|h=23|m=15|step=01,3,21.275,0.475,0.11875,1245.2081668429357,0.0,19.0,24.0
2280,agent-20260726T130255Z-65de6a32,2026-07-26T13:40:17.154018Z,1986-07-21T23:30:00.000000Z,agent-20260726T130255Z-65de6a32|env=3|1986-07-21|h=23|m=30|step=02,3,20.85,0.475,0.11875,1245.3269168429358,0.0,17.0,26.0
2281,agent-20260726T130255Z-65de6a32,2026-07-26T13:40:17.275053Z,1986-07-21T23:45:00.000000Z,agent-20260726T130255Z-65de6a32|env=3|1986-07-21|h=23|m=45|step=03,3,20.425,0.475,0.11875,1245.445666842936,0.0,17.0,26.0
2282,agent-20260726T130255Z-65de6a32,2026-07-26T13:40:17.383266Z,1986-07-22T00:00:00.000000Z,agent-20260726T130255Z-65de6a32|env=3|1986-07-21|h=23|m=60|step=04,3,20.0,0.475,0.11875,1245.564416842936,0.0,17.0,26.0
